execve("./build/main", ["./build/main", "-h", "192.168.0.172"], 0x7fffc8a0ead0 /* 48 vars */) = 0
brk(NULL)                               = 0x55f4dc9f9000
mmap(NULL, 8192, PROT_READ|PROT_WRITE, MAP_PRIVATE|MAP_ANONYMOUS, -1, 0) = 0x7b5d24d27000
access("/etc/ld.so.preload", R_OK)      = -1 ENOENT (No such file or directory)
openat(AT_FDCWD, "/usr/local/lib/glibc-hwcaps/x86-64-v3/libasan.so.8", O_RDONLY|O_CLOEXEC) = -1 ENOENT (No such file or directory)
newfstatat(AT_FDCWD, "/usr/local/lib/glibc-hwcaps/x86-64-v3/", 0x7ffc1bdaafa0, 0) = -1 ENOENT (No such file or directory)
openat(AT_FDCWD, "/usr/local/lib/glibc-hwcaps/x86-64-v2/libasan.so.8", O_RDONLY|O_CLOEXEC) = -1 ENOENT (No such file or directory)
newfstatat(AT_FDCWD, "/usr/local/lib/glibc-hwcaps/x86-64-v2/", 0x7ffc1bdaafa0, 0) = -1 ENOENT (No such file or directory)
openat(AT_FDCWD, "/usr/local/lib/libasan.so.8", O_RDONLY|O_CLOEXEC) = -1 ENOENT (No such file or directory)
newfstatat(AT_FDCWD, "/usr/local/lib/", {st_mode=S_IFDIR|0755, st_size=4096, ...}, 0) = 0
openat(AT_FDCWD, "/etc/ld.so.cache", O_RDONLY|O_CLOEXEC) = 3
fstat(3, {st_mode=S_IFREG|0644, st_size=117379, ...}) = 0
mmap(NULL, 117379, PROT_READ, MAP_PRIVATE, 3, 0) = 0x7b5d24d0a000
close(3)                                = 0
openat(AT_FDCWD, "/lib/x86_64-linux-gnu/libasan.so.8", O_RDONLY|O_CLOEXEC) = 3
read(3, "\177ELF\2\1\1\0\0\0\0\0\0\0\0\0\3\0>\0\1\0\0\0\0\0\0\0\0\0\0\0@\0\0\0\0\0\0\0p\246\246\0\0\0\0\0\0\0\0\0@\08\0\f\0@\0)\0(\0\1\0\0\0\4\0\0\0\0\0\0\0\0\0\0\0\0\0\0\0\0\0\0\0\0\0\0\0\0\0\0\0 S\3\0\0\0\0\0 S\3\0\0\0\0\0\0\20\0\0\0\0\0\0\1\0\0\0\5\0\0\0\0`\3\0\0\0\0\0\0`\3\0\0\0\0\0\0`\3\0\0\0\0\0\341^\22\0\0\0\0\0\341^\22\0\0\0\0\0\0\20\0\0\0\0\0\0\1\0\0\0\4\0\0\0\0\300\25\0\0\0\0\0\0\300\25\0\0\0\0\0\0\300\25\0\0\0\0\0X\203\3\0\0\0\0\0X\203\3\0\0\0\0\0\0\20\0\0\0\0\0\0\1\0\0\0\6\0\0\0\0L\31\0\0\0\0\0\0\\\31\0\0\0\0\0\0\\\31\0\0\0\0\0\30r\0\0\0\0\0\0(\256S\0\0\0\0\0\0\20\0\0\0\0\0\0\2\0\0\0\6\0\0\0`^\31\0\0\0\0\0`n\31\0\0\0\0\0`n\31\0\0\0\0\0\20\2\0\0\0\0\0\0\20\2\0\0\0\0\0\0\10\0\0\0\0\0\0\0\4\0\0\0\4\0\0\0\340\2\0\0\0\0\0\0\340\2\0\0\0\0\0\0\340\2\0\0\0\0\0\0 \0\0\0\0\0\0\0 \0\0\0\0\0\0\0\10\0\0\0\0\0\0\0\4\0\0\0\4\0\0\0\0\3\0\0\0\0\0\0\0\3\0\0\0\0\0\0\0\3\0\0\0\0\0\0\234\0\0\0\0\0\0\0\234\0\0\0\0\0\0\0\4\0\0\0\0\0\0\0\7\0\0\0\4\0\0\0\0L\31\0\0\0\0\0\0\\\31\0\0\0\0\0\0\\\31\0\0\0\0\0\0\0\0\0\0\0\0\0\\\0\0\0\0\0\0\0\20\0\0\0\0\0\0\0S\345td\4\0\0\0\340\2\0\0\0\0\0\0\340\2\0\0\0\0\0\0\340\2\0\0\0\0\0\0 \0\0\0\0\0\0\0 \0\0\0\0\0\0\0\10\0\0\0\0\0\0\0P\345td\4\0\0\0\344\7\27\0\0\0\0\0\344\7\27\0\0\0\0\0\344\7\27\0\0\0\0\0dl\0\0\0\0\0\0dl\0\0\0\0\0\0\4\0\0\0\0\0\0\0Q\345td\6\0\0\0\0\0\0\0\0\0\0\0\0\0\0\0\0\0\0\0\0\0\0\0\0\0\0\0\0\0\0\0\0\0\0\0\0\0\0\0\0\0\0\0\20\0\0\0\0\0\0\0R\345td\4\0\0\0\0L\31\0\0\0\0\0\0\\\31\0\0\0\0\0\0\\\31\0\0\0\0\0\0004\0\0\0\0\0\0\0004\0\0\0\0\0\0\1\0\0\0\0\0\0\0\4\0\0\0\20\0\0\0\5\0\0\0GNU\0\2\0\0\300\4\0\0\0\3\0\0\0\0\0\0\0\4\0\0\0\24\0\0\0\3\0\0\0GNU\0#\337\246\333\312\305y\31\272\345\376\34\254\21\376\354\304\374&\307\4\0\0\0h\0\0\0~\32\376\312FDO\0{\"type\":\"deb", 832) = 832
fstat(3, {st_mode=S_IFREG|0644, st_size=10924208, ...}) = 0
mmap(NULL, 7146024, PROT_READ, MAP_PRIVATE|MAP_DENYWRITE, 3, 0) = 0x7b5d24600000
mmap(0x7b5d24636000, 1204224, PROT_READ|PROT_EXEC, MAP_PRIVATE|MAP_FIXED|MAP_DENYWRITE, 3, 0x36000) = 0x7b5d24636000
mmap(0x7b5d2475c000, 233472, PROT_READ, MAP_PRIVATE|MAP_FIXED|MAP_DENYWRITE, 3, 0x15c000) = 0x7b5d2475c000
mmap(0x7b5d24795000, 32768, PROT_READ|PROT_WRITE, MAP_PRIVATE|MAP_FIXED|MAP_DENYWRITE, 3, 0x194000) = 0x7b5d24795000
mmap(0x7b5d2479d000, 5454376, PROT_READ|PROT_WRITE, MAP_PRIVATE|MAP_FIXED|MAP_ANONYMOUS, -1, 0) = 0x7b5d2479d000
close(3)                                = 0
openat(AT_FDCWD, "/usr/local/lib/libncurses.so.6", O_RDONLY|O_CLOEXEC) = -1 ENOENT (No such file or directory)
openat(AT_FDCWD, "/lib/x86_64-linux-gnu/libncurses.so.6", O_RDONLY|O_CLOEXEC) = 3
read(3, "\177ELF\2\1\1\0\0\0\0\0\0\0\0\0\3\0>\0\1\0\0\0\0\0\0\0\0\0\0\0@\0\0\0\0\0\0\0P\201\2\0\0\0\0\0\0\0\0\0@\08\0\v\0@\0\34\0\33\0\1\0\0\0\4\0\0\0\0\0\0\0\0\0\0\0\0\0\0\0\0\0\0\0\0\0\0\0\0\0\0\0\200h\0\0\0\0\0\0\200h\0\0\0\0\0\0\0\20\0\0\0\0\0\0\1\0\0\0\5\0\0\0\0p\0\0\0\0\0\0\0p\0\0\0\0\0\0\0p\0\0\0\0\0\0\331\242\1\0\0\0\0\0\331\242\1\0\0\0\0\0\0\20\0\0\0\0\0\0\1\0\0\0\4\0\0\0\0 \2\0\0\0\0\0\0 \2\0\0\0\0\0\0 \2\0\0\0\0\0\350K\0\0\0\0\0\0\350K\0\0\0\0\0\0\0\20\0\0\0\0\0\0\1\0\0\0\6\0\0\0Xy\2\0\0\0\0\0Xy\2\0\0\0\0\0Xy\2\0\0\0\0\0\264\6\0\0\0\0\0\0H\10\0\0\0\0\0\0\0\20\0\0\0\0\0\0\2\0\0\0\6\0\0\0hy\2\0\0\0\0\0hy\2\0\0\0\0\0hy\2\0\0\0\0\0 \2\0\0\0\0\0\0 \2\0\0\0\0\0\0\10\0\0\0\0\0\0\0\4\0\0\0\4\0\0\0\250\2\0\0\0\0\0\0\250\2\0\0\0\0\0\0\250\2\0\0\0\0\0\0 \0\0\0\0\0\0\0 \0\0\0\0\0\0\0\10\0\0\0\0\0\0\0\4\0\0\0\4\0\0\0\310\2\0\0\0\0\0\0\310\2\0\0\0\0\0\0\310\2\0\0\0\0\0\0$\0\0\0\0\0\0\0$\0\0\0\0\0\0\0\4\0\0\0\0\0\0\0S\345td\4\0\0\0\250\2\0\0\0\0\0\0\250\2\0\0\0\0\0\0\250\2\0\0\0\0\0\0 \0\0\0\0\0\0\0 \0\0\0\0\0\0\0\10\0\0\0\0\0\0\0P\345td\4\0\0\0004+\2\0\0\0\0\0004+\2\0\0\0\0\0004+\2\0\0\0\0\0\354\f\0\0\0\0\0\0\354\f\0\0\0\0\0\0\4\0\0\0\0\0\0\0Q\345td\6\0\0\0\0\0\0\0\0\0\0\0\0\0\0\0\0\0\0\0\0\0\0\0\0\0\0\0\0\0\0\0\0\0\0\0\0\0\0\0\0\0\0\0\20\0\0\0\0\0\0\0R\345td\4\0\0\0Xy\2\0\0\0\0\0Xy\2\0\0\0\0\0Xy\2\0\0\0\0\0\250\6\0\0\0\0\0\0\250\6\0\0\0\0\0\0\1\0\0\0\0\0\0\0\4\0\0\0\20\0\0\0\5\0\0\0GNU\0\2\0\0\300\4\0\0\0\3\0\0\0\0\0\0\0\4\0\0\0\24\0\0\0\3\0\0\0GNU\0\200\326\25\253\234\275\353\2504\223\232\216d\275\f\331\225\255\10\333\0\0\0\0\7\1\0\0\210\0\0\0 \0\0\0\v\0\0\0@\10\34\t\4\0\3\10\263\21(\211\350\n\177\v)(\200FDc\265\200\210\212\324\220q\322\3H\274\1\341\302\200*O4\0\2\21\1\0\1\10!\f\30\1\v@\4!\22L\24\300jI\366\303\201", 832) = 832
fstat(3, {st_mode=S_IFREG|0644, st_size=165968, ...}) = 0
mmap(NULL, 164256, PROT_READ, MAP_PRIVATE|MAP_DENYWRITE, 3, 0) = 0x7b5d24ce1000
mmap(0x7b5d24ce8000, 110592, PROT_READ|PROT_EXEC, MAP_PRIVATE|MAP_FIXED|MAP_DENYWRITE, 3, 0x7000) = 0x7b5d24ce8000
mmap(0x7b5d24d03000, 20480, PROT_READ, MAP_PRIVATE|MAP_FIXED|MAP_DENYWRITE, 3, 0x22000) = 0x7b5d24d03000
mmap(0x7b5d24d08000, 8192, PROT_READ|PROT_WRITE, MAP_PRIVATE|MAP_FIXED|MAP_DENYWRITE, 3, 0x27000) = 0x7b5d24d08000
close(3)                                = 0
openat(AT_FDCWD, "/usr/local/lib/libtinfo.so.6", O_RDONLY|O_CLOEXEC) = -1 ENOENT (No such file or directory)
openat(AT_FDCWD, "/lib/x86_64-linux-gnu/libtinfo.so.6", O_RDONLY|O_CLOEXEC) = 3
read(3, "\177ELF\2\1\1\0\0\0\0\0\0\0\0\0\3\0>\0\1\0\0\0\0\0\0\0\0\0\0\0@\0\0\0\0\0\0\0H&\3\0\0\0\0\0\0\0\0\0@\08\0\v\0@\0\36\0\35\0\1\0\0\0\4\0\0\0\0\0\0\0\0\0\0\0\0\0\0\0\0\0\0\0\0\0\0\0\0\0\0\0 \333\0\0\0\0\0\0 \333\0\0\0\0\0\0\0\20\0\0\0\0\0\0\1\0\0\0\5\0\0\0\0\340\0\0\0\0\0\0\0\340\0\0\0\0\0\0\0\340\0\0\0\0\0\0U+\1\0\0\0\0\0U+\1\0\0\0\0\0\0\20\0\0\0\0\0\0\1\0\0\0\4\0\0\0\0\20\2\0\0\0\0\0\0\20\2\0\0\0\0\0\0\20\2\0\0\0\0\0\274\324\0\0\0\0\0\0\274\324\0\0\0\0\0\0\0\20\0\0\0\0\0\0\1\0\0\0\6\0\0\0P\353\2\0\0\0\0\0P\373\2\0\0\0\0\0P\373\2\0\0\0\0\0P9\0\0\0\0\0\0\330=\0\0\0\0\0\0\0\20\0\0\0\0\0\0\2\0\0\0\6\0\0\0\330\32\3\0\0\0\0\0\330*\3\0\0\0\0\0\330*\3\0\0\0\0\0\20\2\0\0\0\0\0\0\20\2\0\0\0\0\0\0\10\0\0\0\0\0\0\0\4\0\0\0\4\0\0\0\250\2\0\0\0\0\0\0\250\2\0\0\0\0\0\0\250\2\0\0\0\0\0\0 \0\0\0\0\0\0\0 \0\0\0\0\0\0\0\10\0\0\0\0\0\0\0\4\0\0\0\4\0\0\0\310\2\0\0\0\0\0\0\310\2\0\0\0\0\0\0\310\2\0\0\0\0\0\0$\0\0\0\0\0\0\0$\0\0\0\0\0\0\0\4\0\0\0\0\0\0\0S\345td\4\0\0\0\250\2\0\0\0\0\0\0\250\2\0\0\0\0\0\0\250\2\0\0\0\0\0\0 \0\0\0\0\0\0\0 \0\0\0\0\0\0\0\10\0\0\0\0\0\0\0P\345td\4\0\0\0 \274\2\0\0\0\0\0 \274\2\0\0\0\0\0 \274\2\0\0\0\0\0\364\7\0\0\0\0\0\0\364\7\0\0\0\0\0\0\4\0\0\0\0\0\0\0Q\345td\6\0\0\0\0\0\0\0\0\0\0\0\0\0\0\0\0\0\0\0\0\0\0\0\0\0\0\0\0\0\0\0\0\0\0\0\0\0\0\0\0\0\0\0\20\0\0\0\0\0\0\0R\345td\4\0\0\0P\353\2\0\0\0\0\0P\373\2\0\0\0\0\0P\373\2\0\0\0\0\0\2604\0\0\0\0\0\0\2604\0\0\0\0\0\0\1\0\0\0\0\0\0\0\4\0\0\0\20\0\0\0\5\0\0\0GNU\0\2\0\0\300\4\0\0\0\3\0\0\0\0\0\0\0\4\0\0\0\24\0\0\0\3\0\0\0GNU\0\262\244\353\1h\33\1\355\214\234\305\4]\266\2068\243\367\254\223\0\0\0\0\7\1\0\0G\0\0\0 \0\0\0\v\0\0\0`\20@ P\304@\200\340EB\204r H\36\200\204\2\0\0\222\241\10\215#\4\30B\0\205\202<\222`\304\22\4\n\20\2\200@\10\0\0  ` ( \10\t\22\201\09F\0\20\2\0\20", 832) = 832
fstat(3, {st_mode=S_IFREG|0644, st_size=208328, ...}) = 0
mmap(NULL, 211240, PROT_READ, MAP_PRIVATE|MAP_DENYWRITE, 3, 0) = 0x7b5d245cc000
mmap(0x7b5d245da000, 77824, PROT_READ|PROT_EXEC, MAP_PRIVATE|MAP_FIXED|MAP_DENYWRITE, 3, 0xe000) = 0x7b5d245da000
mmap(0x7b5d245ed000, 57344, PROT_READ, MAP_PRIVATE|MAP_FIXED|MAP_DENYWRITE, 3, 0x21000) = 0x7b5d245ed000
mmap(0x7b5d245fb000, 20480, PROT_READ|PROT_WRITE, MAP_PRIVATE|MAP_FIXED|MAP_DENYWRITE, 3, 0x2e000) = 0x7b5d245fb000
close(3)                                = 0
openat(AT_FDCWD, "/usr/local/lib/libubsan.so.1", O_RDONLY|O_CLOEXEC) = -1 ENOENT (No such file or directory)
openat(AT_FDCWD, "/lib/x86_64-linux-gnu/libubsan.so.1", O_RDONLY|O_CLOEXEC) = 3
read(3, "\177ELF\2\1\1\0\0\0\0\0\0\0\0\0\3\0>\0\1\0\0\0\0\0\0\0\0\0\0\0@\0\0\0\0\0\0\0\24034\0\0\0\0\0\0\0\0\0@\08\0\f\0@\0)\0(\0\1\0\0\0\4\0\0\0\0\0\0\0\0\0\0\0\0\0\0\0\0\0\0\0\0\0\0\0\0\0\0\0\260i\0\0\0\0\0\0\260i\0\0\0\0\0\0\0\20\0\0\0\0\0\0\1\0\0\0\5\0\0\0\0p\0\0\0\0\0\0\0p\0\0\0\0\0\0\0p\0\0\0\0\0\0\341\0\5\0\0\0\0\0\341\0\5\0\0\0\0\0\0\20\0\0\0\0\0\0\1\0\0\0\4\0\0\0\0\200\5\0\0\0\0\0\0\200\5\0\0\0\0\0\0\200\5\0\0\0\0\0\250b\1\0\0\0\0\0\250b\1\0\0\0\0\0\0\20\0\0\0\0\0\0\1\0\0\0\6\0\0\0@\353\6\0\0\0\0\0@\373\6\0\0\0\0\0@\373\6\0\0\0\0\0\fB\0\0\0\0\0\0\10VZ\0\0\0\0\0\0\20\0\0\0\0\0\0\2\0\0\0\6\0\0\0\340\374\6\0\0\0\0\0\340\f\7\0\0\0\0\0\340\f\7\0\0\0\0\0\20\2\0\0\0\0\0\0\20\2\0\0\0\0\0\0\10\0\0\0\0\0\0\0\4\0\0\0\4\0\0\0\340\2\0\0\0\0\0\0\340\2\0\0\0\0\0\0\340\2\0\0\0\0\0\0 \0\0\0\0\0\0\0 \0\0\0\0\0\0\0\10\0\0\0\0\0\0\0\4\0\0\0\4\0\0\0\0\3\0\0\0\0\0\0\0\3\0\0\0\0\0\0\0\3\0\0\0\0\0\0\234\0\0\0\0\0\0\0\234\0\0\0\0\0\0\0\4\0\0\0\0\0\0\0\7\0\0\0\4\0\0\0@\353\6\0\0\0\0\0@\373\6\0\0\0\0\0@\373\6\0\0\0\0\0\0\0\0\0\0\0\0\0(\0\0\0\0\0\0\0\20\0\0\0\0\0\0\0S\345td\4\0\0\0\340\2\0\0\0\0\0\0\340\2\0\0\0\0\0\0\340\2\0\0\0\0\0\0 \0\0\0\0\0\0\0 \0\0\0\0\0\0\0\10\0\0\0\0\0\0\0P\345td\4\0\0\0\244;\6\0\0\0\0\0\244;\6\0\0\0\0\0\244;\6\0\0\0\0\0|\36\0\0\0\0\0\0|\36\0\0\0\0\0\0\4\0\0\0\0\0\0\0Q\345td\6\0\0\0\0\0\0\0\0\0\0\0\0\0\0\0\0\0\0\0\0\0\0\0\0\0\0\0\0\0\0\0\0\0\0\0\0\0\0\0\0\0\0\0\20\0\0\0\0\0\0\0R\345td\4\0\0\0@\353\6\0\0\0\0\0@\373\6\0\0\0\0\0@\373\6\0\0\0\0\0\300\24\0\0\0\0\0\0\300\24\0\0\0\0\0\0\1\0\0\0\0\0\0\0\4\0\0\0\20\0\0\0\5\0\0\0GNU\0\2\0\0\300\4\0\0\0\3\0\0\0\0\0\0\0\4\0\0\0\24\0\0\0\3\0\0\0GNU\0\177\271\32\312\267\332\316\34f\262\234\310\226\233\364\260\22\212\372\25\4\0\0\0h\0\0\0~\32\376\312FDO\0{\"type\":\"deb", 832) = 832
fstat(3, {st_mode=S_IFREG|0644, st_size=3423712, ...}) = 0
mmap(NULL, 6377800, PROT_READ, MAP_PRIVATE|MAP_DENYWRITE, 3, 0) = 0x7b5d23e00000
mmap(0x7b5d23e07000, 331776, PROT_READ|PROT_EXEC, MAP_PRIVATE|MAP_FIXED|MAP_DENYWRITE, 3, 0x7000) = 0x7b5d23e07000
mmap(0x7b5d23e58000, 94208, PROT_READ, MAP_PRIVATE|MAP_FIXED|MAP_DENYWRITE, 3, 0x58000) = 0x7b5d23e58000
mmap(0x7b5d23e6f000, 20480, PROT_READ|PROT_WRITE, MAP_PRIVATE|MAP_FIXED|MAP_DENYWRITE, 3, 0x6e000) = 0x7b5d23e6f000
mmap(0x7b5d23e74000, 5902664, PROT_READ|PROT_WRITE, MAP_PRIVATE|MAP_FIXED|MAP_ANONYMOUS, -1, 0) = 0x7b5d23e74000
close(3)                                = 0
openat(AT_FDCWD, "/usr/local/lib/libc.so.6", O_RDONLY|O_CLOEXEC) = -1 ENOENT (No such file or directory)
openat(AT_FDCWD, "/lib/x86_64-linux-gnu/libc.so.6", O_RDONLY|O_CLOEXEC) = 3
read(3, "\177ELF\2\1\1\3\0\0\0\0\0\0\0\0\3\0>\0\1\0\0\0\220\243\2\0\0\0\0\0@\0\0\0\0\0\0\0\20^ \0\0\0\0\0\0\0\0\0@\08\0\16\0@\0@\0?\0\6\0\0\0\4\0\0\0@\0\0\0\0\0\0\0@\0\0\0\0\0\0\0@\0\0\0\0\0\0\0\20\3\0\0\0\0\0\0\20\3\0\0\0\0\0\0\10\0\0\0\0\0\0\0\3\0\0\0\4\0\0\0\240g\35\0\0\0\0\0\240g\35\0\0\0\0\0\240g\35\0\0\0\0\0\34\0\0\0\0\0\0\0\34\0\0\0\0\0\0\0\20\0\0\0\0\0\0\0\1\0\0\0\4\0\0\0\0\0\0\0\0\0\0\0\0\0\0\0\0\0\0\0\0\0\0\0\0\0\0\0\220s\2\0\0\0\0\0\220s\2\0\0\0\0\0\0\20\0\0\0\0\0\0\1\0\0\0\5\0\0\0\0\200\2\0\0\0\0\0\0\200\2\0\0\0\0\0\0\200\2\0\0\0\0\0\271|\30\0\0\0\0\0\271|\30\0\0\0\0\0\0\20\0\0\0\0\0\0\1\0\0\0\4\0\0\0\0\0\33\0\0\0\0\0\0\0\33\0\0\0\0\0\0\0\33\0\0\0\0\0\202\340\4\0\0\0\0\0\202\340\4\0\0\0\0\0\0\20\0\0\0\0\0\0\1\0\0\0\6\0\0\0`\354\37\0\0\0\0\0`\374\37\0\0\0\0\0`\374\37\0\0\0\0\0hJ\0\0\0\0\0\0000!\1\0\0\0\0\0\0\20\0\0\0\0\0\0\2\0\0\0\6\0\0\0@\31 \0\0\0\0\0@) \0\0\0\0\0@) \0\0\0\0\0@\2\0\0\0\0\0\0@\2\0\0\0\0\0\0\10\0\0\0\0\0\0\0\4\0\0\0\4\0\0\0P\3\0\0\0\0\0\0P\3\0\0\0\0\0\0P\3\0\0\0\0\0\0000\0\0\0\0\0\0\0000\0\0\0\0\0\0\0\10\0\0\0\0\0\0\0\4\0\0\0\4\0\0\0\200\3\0\0\0\0\0\0\200\3\0\0\0\0\0\0\200\3\0\0\0\0\0\0D\0\0\0\0\0\0\0D\0\0\0\0\0\0\0\4\0\0\0\0\0\0\0\7\0\0\0\4\0\0\0`\354\37\0\0\0\0\0`\374\37\0\0\0\0\0`\374\37\0\0\0\0\0\20\0\0\0\0\0\0\0\210\0\0\0\0\0\0\0\10\0\0\0\0\0\0\0S\345td\4\0\0\0P\3\0\0\0\0\0\0P\3\0\0\0\0\0\0P\3\0\0\0\0\0\0000\0\0\0\0\0\0\0000\0\0\0\0\0\0\0\10\0\0\0\0\0\0\0P\345td\4\0\0\0\274g\35\0\0\0\0\0\274g\35\0\0\0\0\0\274g\35\0\0\0\0\0lv\0\0\0\0\0\0lv\0\0\0\0\0\0\4\0\0\0\0\0\0\0Q\345td\6\0\0\0\0\0\0\0\0\0\0\0\0\0\0\0\0\0\0\0\0\0\0\0\0\0\0\0\0\0\0\0\0\0\0\0\0\0\0\0\0\0\0\0\20\0\0\0\0\0\0\0R\345td\4\0\0\0`\354\37\0\0\0\0\0`\374\37\0\0\0\0\0`\374\37\0\0\0\0\0\2403\0\0\0\0\0\0", 832) = 832
pread64(3, "\6\0\0\0\4\0\0\0@\0\0\0\0\0\0\0@\0\0\0\0\0\0\0@\0\0\0\0\0\0\0\20\3\0\0\0\0\0\0\20\3\0\0\0\0\0\0\10\0\0\0\0\0\0\0\3\0\0\0\4\0\0\0\240g\35\0\0\0\0\0\240g\35\0\0\0\0\0\240g\35\0\0\0\0\0\34\0\0\0\0\0\0\0\34\0\0\0\0\0\0\0\20\0\0\0\0\0\0\0\1\0\0\0\4\0\0\0\0\0\0\0\0\0\0\0\0\0\0\0\0\0\0\0\0\0\0\0\0\0\0\0\220s\2\0\0\0\0\0\220s\2\0\0\0\0\0\0\20\0\0\0\0\0\0\1\0\0\0\5\0\0\0\0\200\2\0\0\0\0\0\0\200\2\0\0\0\0\0\0\200\2\0\0\0\0\0\271|\30\0\0\0\0\0\271|\30\0\0\0\0\0\0\20\0\0\0\0\0\0\1\0\0\0\4\0\0\0\0\0\33\0\0\0\0\0\0\0\33\0\0\0\0\0\0\0\33\0\0\0\0\0\202\340\4\0\0\0\0\0\202\340\4\0\0\0\0\0\0\20\0\0\0\0\0\0\1\0\0\0\6\0\0\0`\354\37\0\0\0\0\0`\374\37\0\0\0\0\0`\374\37\0\0\0\0\0hJ\0\0\0\0\0\0000!\1\0\0\0\0\0\0\20\0\0\0\0\0\0\2\0\0\0\6\0\0\0@\31 \0\0\0\0\0@) \0\0\0\0\0@) \0\0\0\0\0@\2\0\0\0\0\0\0@\2\0\0\0\0\0\0\10\0\0\0\0\0\0\0\4\0\0\0\4\0\0\0P\3\0\0\0\0\0\0P\3\0\0\0\0\0\0P\3\0\0\0\0\0\0000\0\0\0\0\0\0\0000\0\0\0\0\0\0\0\10\0\0\0\0\0\0\0\4\0\0\0\4\0\0\0\200\3\0\0\0\0\0\0\200\3\0\0\0\0\0\0\200\3\0\0\0\0\0\0D\0\0\0\0\0\0\0D\0\0\0\0\0\0\0\4\0\0\0\0\0\0\0\7\0\0\0\4\0\0\0`\354\37\0\0\0\0\0`\374\37\0\0\0\0\0`\374\37\0\0\0\0\0\20\0\0\0\0\0\0\0\210\0\0\0\0\0\0\0\10\0\0\0\0\0\0\0S\345td\4\0\0\0P\3\0\0\0\0\0\0P\3\0\0\0\0\0\0P\3\0\0\0\0\0\0000\0\0\0\0\0\0\0000\0\0\0\0\0\0\0\10\0\0\0\0\0\0\0P\345td\4\0\0\0\274g\35\0\0\0\0\0\274g\35\0\0\0\0\0\274g\35\0\0\0\0\0lv\0\0\0\0\0\0lv\0\0\0\0\0\0\4\0\0\0\0\0\0\0Q\345td\6\0\0\0\0\0\0\0\0\0\0\0\0\0\0\0\0\0\0\0\0\0\0\0\0\0\0\0\0\0\0\0\0\0\0\0\0\0\0\0\0\0\0\0\20\0\0\0\0\0\0\0R\345td\4\0\0\0`\354\37\0\0\0\0\0`\374\37\0\0\0\0\0`\374\37\0\0\0\0\0\2403\0\0\0\0\0\0\2403\0\0\0\0\0\0\1\0\0\0\0\0\0\0", 784, 64) = 784
fstat(3, {st_mode=S_IFREG|0755, st_size=2125328, ...}) = 0
pread64(3, "\6\0\0\0\4\0\0\0@\0\0\0\0\0\0\0@\0\0\0\0\0\0\0@\0\0\0\0\0\0\0\20\3\0\0\0\0\0\0\20\3\0\0\0\0\0\0\10\0\0\0\0\0\0\0\3\0\0\0\4\0\0\0\240g\35\0\0\0\0\0\240g\35\0\0\0\0\0\240g\35\0\0\0\0\0\34\0\0\0\0\0\0\0\34\0\0\0\0\0\0\0\20\0\0\0\0\0\0\0\1\0\0\0\4\0\0\0\0\0\0\0\0\0\0\0\0\0\0\0\0\0\0\0\0\0\0\0\0\0\0\0\220s\2\0\0\0\0\0\220s\2\0\0\0\0\0\0\20\0\0\0\0\0\0\1\0\0\0\5\0\0\0\0\200\2\0\0\0\0\0\0\200\2\0\0\0\0\0\0\200\2\0\0\0\0\0\271|\30\0\0\0\0\0\271|\30\0\0\0\0\0\0\20\0\0\0\0\0\0\1\0\0\0\4\0\0\0\0\0\33\0\0\0\0\0\0\0\33\0\0\0\0\0\0\0\33\0\0\0\0\0\202\340\4\0\0\0\0\0\202\340\4\0\0\0\0\0\0\20\0\0\0\0\0\0\1\0\0\0\6\0\0\0`\354\37\0\0\0\0\0`\374\37\0\0\0\0\0`\374\37\0\0\0\0\0hJ\0\0\0\0\0\0000!\1\0\0\0\0\0\0\20\0\0\0\0\0\0\2\0\0\0\6\0\0\0@\31 \0\0\0\0\0@) \0\0\0\0\0@) \0\0\0\0\0@\2\0\0\0\0\0\0@\2\0\0\0\0\0\0\10\0\0\0\0\0\0\0\4\0\0\0\4\0\0\0P\3\0\0\0\0\0\0P\3\0\0\0\0\0\0P\3\0\0\0\0\0\0000\0\0\0\0\0\0\0000\0\0\0\0\0\0\0\10\0\0\0\0\0\0\0\4\0\0\0\4\0\0\0\200\3\0\0\0\0\0\0\200\3\0\0\0\0\0\0\200\3\0\0\0\0\0\0D\0\0\0\0\0\0\0D\0\0\0\0\0\0\0\4\0\0\0\0\0\0\0\7\0\0\0\4\0\0\0`\354\37\0\0\0\0\0`\374\37\0\0\0\0\0`\374\37\0\0\0\0\0\20\0\0\0\0\0\0\0\210\0\0\0\0\0\0\0\10\0\0\0\0\0\0\0S\345td\4\0\0\0P\3\0\0\0\0\0\0P\3\0\0\0\0\0\0P\3\0\0\0\0\0\0000\0\0\0\0\0\0\0000\0\0\0\0\0\0\0\10\0\0\0\0\0\0\0P\345td\4\0\0\0\274g\35\0\0\0\0\0\274g\35\0\0\0\0\0\274g\35\0\0\0\0\0lv\0\0\0\0\0\0lv\0\0\0\0\0\0\4\0\0\0\0\0\0\0Q\345td\6\0\0\0\0\0\0\0\0\0\0\0\0\0\0\0\0\0\0\0\0\0\0\0\0\0\0\0\0\0\0\0\0\0\0\0\0\0\0\0\0\0\0\0\20\0\0\0\0\0\0\0R\345td\4\0\0\0`\354\37\0\0\0\0\0`\374\37\0\0\0\0\0`\374\37\0\0\0\0\0\2403\0\0\0\0\0\0\2403\0\0\0\0\0\0\1\0\0\0\0\0\0\0", 784, 64) = 784
mmap(NULL, 2170256, PROT_READ, MAP_PRIVATE|MAP_DENYWRITE, 3, 0) = 0x7b5d23a00000
mmap(0x7b5d23a28000, 1605632, PROT_READ|PROT_EXEC, MAP_PRIVATE|MAP_FIXED|MAP_DENYWRITE, 3, 0x28000) = 0x7b5d23a28000
mmap(0x7b5d23bb0000, 323584, PROT_READ, MAP_PRIVATE|MAP_FIXED|MAP_DENYWRITE, 3, 0x1b0000) = 0x7b5d23bb0000
mmap(0x7b5d23bff000, 24576, PROT_READ|PROT_WRITE, MAP_PRIVATE|MAP_FIXED|MAP_DENYWRITE, 3, 0x1fe000) = 0x7b5d23bff000
mmap(0x7b5d23c05000, 52624, PROT_READ|PROT_WRITE, MAP_PRIVATE|MAP_FIXED|MAP_ANONYMOUS, -1, 0) = 0x7b5d23c05000
close(3)                                = 0
openat(AT_FDCWD, "/lib/x86_64-linux-gnu/libm.so.6", O_RDONLY|O_CLOEXEC) = 3
read(3, "\177ELF\2\1\1\3\0\0\0\0\0\0\0\0\3\0>\0\1\0\0\0\0\0\0\0\0\0\0\0@\0\0\0\0\0\0\0h\201\16\0\0\0\0\0\0\0\0\0@\08\0\v\0@\0\37\0\36\0\1\0\0\0\4\0\0\0\0\0\0\0\0\0\0\0\0\0\0\0\0\0\0\0\0\0\0\0\0\0\0\0\350\366\0\0\0\0\0\0\350\366\0\0\0\0\0\0\0\20\0\0\0\0\0\0\1\0\0\0\5\0\0\0\0\0\1\0\0\0\0\0\0\0\1\0\0\0\0\0\0\0\1\0\0\0\0\0\265\343\7\0\0\0\0\0\265\343\7\0\0\0\0\0\0\20\0\0\0\0\0\0\1\0\0\0\4\0\0\0\0\360\10\0\0\0\0\0\0\360\10\0\0\0\0\0\0\360\10\0\0\0\0\0P\177\5\0\0\0\0\0P\177\5\0\0\0\0\0\0\20\0\0\0\0\0\0\1\0\0\0\6\0\0\0\0|\16\0\0\0\0\0\0|\16\0\0\0\0\0\0|\16\0\0\0\0\0\f\4\0\0\0\0\0\0\30\4\0\0\0\0\0\0\0\20\0\0\0\0\0\0\2\0\0\0\6\0\0\0\20|\16\0\0\0\0\0\20|\16\0\0\0\0\0\20|\16\0\0\0\0\0\220\2\0\0\0\0\0\0\220\2\0\0\0\0\0\0\10\0\0\0\0\0\0\0\4\0\0\0\4\0\0\0\250\2\0\0\0\0\0\0\250\2\0\0\0\0\0\0\250\2\0\0\0\0\0\0000\0\0\0\0\0\0\0000\0\0\0\0\0\0\0\10\0\0\0\0\0\0\0\4\0\0\0\4\0\0\0\330\2\0\0\0\0\0\0\330\2\0\0\0\0\0\0\330\2\0\0\0\0\0\0D\0\0\0\0\0\0\0D\0\0\0\0\0\0\0\4\0\0\0\0\0\0\0S\345td\4\0\0\0\250\2\0\0\0\0\0\0\250\2\0\0\0\0\0\0\250\2\0\0\0\0\0\0000\0\0\0\0\0\0\0000\0\0\0\0\0\0\0\10\0\0\0\0\0\0\0P\345td\4\0\0\0\240\322\r\0\0\0\0\0\240\322\r\0\0\0\0\0\240\322\r\0\0\0\0\0|\33\0\0\0\0\0\0|\33\0\0\0\0\0\0\4\0\0\0\0\0\0\0Q\345td\6\0\0\0\0\0\0\0\0\0\0\0\0\0\0\0\0\0\0\0\0\0\0\0\0\0\0\0\0\0\0\0\0\0\0\0\0\0\0\0\0\0\0\0\20\0\0\0\0\0\0\0R\345td\4\0\0\0\0|\16\0\0\0\0\0\0|\16\0\0\0\0\0\0|\16\0\0\0\0\0\0\4\0\0\0\0\0\0\0\4\0\0\0\0\0\0\1\0\0\0\0\0\0\0\4\0\0\0 \0\0\0\5\0\0\0GNU\0\2\0\0\300\4\0\0\0\3\0\0\0\0\0\0\0\2\200\0\300\4\0\0\0\1\0\0\0\0\0\0\0\4\0\0\0\24\0\0\0\3\0\0\0GNU\0\330\370\314\254\241;\345\n\262g\321\306l\214g2\\q\253\34\4\0\0\0\20\0\0\0\1\0\0\0GNU\0\0\0\0\0\3\0\0\0\2\0\0\0\0\0\0\0\0\0\0\0\347\3\0\0\301\4\0\0\261\4\0\0\264\2\0\0k\1\0\0\214\4\0\0\0\0\0\0e\3\0\0", 832) = 832
fstat(3, {st_mode=S_IFREG|0644, st_size=952616, ...}) = 0
mmap(NULL, 8192, PROT_READ|PROT_WRITE, MAP_PRIVATE|MAP_ANONYMOUS, -1, 0) = 0x7b5d24cdf000
mmap(NULL, 950296, PROT_READ, MAP_PRIVATE|MAP_DENYWRITE, 3, 0) = 0x7b5d244e3000
mmap(0x7b5d244f3000, 520192, PROT_READ|PROT_EXEC, MAP_PRIVATE|MAP_FIXED|MAP_DENYWRITE, 3, 0x10000) = 0x7b5d244f3000
mmap(0x7b5d24572000, 360448, PROT_READ, MAP_PRIVATE|MAP_FIXED|MAP_DENYWRITE, 3, 0x8f000) = 0x7b5d24572000
mmap(0x7b5d245ca000, 8192, PROT_READ|PROT_WRITE, MAP_PRIVATE|MAP_FIXED|MAP_DENYWRITE, 3, 0xe7000) = 0x7b5d245ca000
close(3)                                = 0
openat(AT_FDCWD, "/lib/x86_64-linux-gnu/libgcc_s.so.1", O_RDONLY|O_CLOEXEC) = 3
read(3, "\177ELF\2\1\1\0\0\0\0\0\0\0\0\0\3\0>\0\1\0\0\0\0\0\0\0\0\0\0\0@\0\0\0\0\0\0\0000\303\2\0\0\0\0\0\0\0\0\0@\08\0\f\0@\0\37\0\36\0\1\0\0\0\4\0\0\0\0\0\0\0\0\0\0\0\0\0\0\0\0\0\0\0\0\0\0\0\0\0\0\0\3406\0\0\0\0\0\0\3406\0\0\0\0\0\0\0\20\0\0\0\0\0\0\1\0\0\0\5\0\0\0\0@\0\0\0\0\0\0\0@\0\0\0\0\0\0\0@\0\0\0\0\0\0U7\2\0\0\0\0\0U7\2\0\0\0\0\0\0\20\0\0\0\0\0\0\1\0\0\0\4\0\0\0\0\200\2\0\0\0\0\0\0\200\2\0\0\0\0\0\0\200\2\0\0\0\0\0\0;\0\0\0\0\0\0\0;\0\0\0\0\0\0\0\20\0\0\0\0\0\0\1\0\0\0\6\0\0\0\220\275\2\0\0\0\0\0\220\315\2\0\0\0\0\0\220\315\2\0\0\0\0\0@\4\0\0\0\0\0\0\30\6\0\0\0\0\0\0\0\20\0\0\0\0\0\0\2\0\0\0\6\0\0\0\260\275\2\0\0\0\0\0\260\315\2\0\0\0\0\0\260\315\2\0\0\0\0\0\0\2\0\0\0\0\0\0\0\2\0\0\0\0\0\0\10\0\0\0\0\0\0\0\4\0\0\0\4\0\0\0\340\2\0\0\0\0\0\0\340\2\0\0\0\0\0\0\340\2\0\0\0\0\0\0 \0\0\0\0\0\0\0 \0\0\0\0\0\0\0\10\0\0\0\0\0\0\0\4\0\0\0\4\0\0\0\0\3\0\0\0\0\0\0\0\3\0\0\0\0\0\0\0\3\0\0\0\0\0\0\234\0\0\0\0\0\0\0\234\0\0\0\0\0\0\0\4\0\0\0\0\0\0\0\7\0\0\0\4\0\0\0\220\275\2\0\0\0\0\0\220\315\2\0\0\0\0\0\220\315\2\0\0\0\0\0\0\0\0\0\0\0\0\0\10\0\0\0\0\0\0\0\10\0\0\0\0\0\0\0S\345td\4\0\0\0\340\2\0\0\0\0\0\0\340\2\0\0\0\0\0\0\340\2\0\0\0\0\0\0 \0\0\0\0\0\0\0 \0\0\0\0\0\0\0\10\0\0\0\0\0\0\0P\345td\4\0\0\0D\213\2\0\0\0\0\0D\213\2\0\0\0\0\0D\213\2\0\0\0\0\0$\10\0\0\0\0\0\0$\10\0\0\0\0\0\0\4\0\0\0\0\0\0\0Q\345td\6\0\0\0\0\0\0\0\0\0\0\0\0\0\0\0\0\0\0\0\0\0\0\0\0\0\0\0\0\0\0\0\0\0\0\0\0\0\0\0\0\0\0\0\20\0\0\0\0\0\0\0R\345td\4\0\0\0\220\275\2\0\0\0\0\0\220\315\2\0\0\0\0\0\220\315\2\0\0\0\0\0p\2\0\0\0\0\0\0p\2\0\0\0\0\0\0\1\0\0\0\0\0\0\0\4\0\0\0\20\0\0\0\5\0\0\0GNU\0\2\0\0\300\4\0\0\0\3\0\0\0\0\0\0\0\4\0\0\0\24\0\0\0\3\0\0\0GNU\0000rDR\210\335*\2724\213\365\203\306_pP\232\253\201A\4\0\0\0h\0\0\0~\32\376\312FDO\0{\"type\":\"deb", 832) = 832
fstat(3, {st_mode=S_IFREG|0644, st_size=183024, ...}) = 0
mmap(NULL, 185256, PROT_READ, MAP_PRIVATE|MAP_DENYWRITE, 3, 0) = 0x7b5d244b5000
mmap(0x7b5d244b9000, 147456, PROT_READ|PROT_EXEC, MAP_PRIVATE|MAP_FIXED|MAP_DENYWRITE, 3, 0x4000) = 0x7b5d244b9000
mmap(0x7b5d244dd000, 16384, PROT_READ, MAP_PRIVATE|MAP_FIXED|MAP_DENYWRITE, 3, 0x28000) = 0x7b5d244dd000
mmap(0x7b5d244e1000, 8192, PROT_READ|PROT_WRITE, MAP_PRIVATE|MAP_FIXED|MAP_DENYWRITE, 3, 0x2b000) = 0x7b5d244e1000
close(3)                                = 0
openat(AT_FDCWD, "/lib/x86_64-linux-gnu/libstdc++.so.6", O_RDONLY|O_CLOEXEC) = 3
read(3, "\177ELF\2\1\1\3\0\0\0\0\0\0\0\0\3\0>\0\1\0\0\0\0\0\0\0\0\0\0\0@\0\0\0\0\0\0\0 \205'\0\0\0\0\0\0\0\0\0@\08\0\f\0@\0#\0\"\0\1\0\0\0\4\0\0\0\0\0\0\0\0\0\0\0\0\0\0\0\0\0\0\0\0\0\0\0\0\0\0\0`\304\t\0\0\0\0\0`\304\t\0\0\0\0\0\0\20\0\0\0\0\0\0\1\0\0\0\5\0\0\0\0\320\t\0\0\0\0\0\0\320\t\0\0\0\0\0\0\320\t\0\0\0\0\0\361|\24\0\0\0\0\0\361|\24\0\0\0\0\0\0\20\0\0\0\0\0\0\1\0\0\0\4\0\0\0\0P\36\0\0\0\0\0\0P\36\0\0\0\0\0\0P\36\0\0\0\0\0\203`\10\0\0\0\0\0\203`\10\0\0\0\0\0\0\20\0\0\0\0\0\0\1\0\0\0\6\0\0\0\20\263&\0\0\0\0\0\20\303&\0\0\0\0\0\20\303&\0\0\0\0\0\220\317\0\0\0\0\0\0000\16\1\0\0\0\0\0\0\20\0\0\0\0\0\0\2\0\0\0\6\0\0\0\200M'\0\0\0\0\0\200]'\0\0\0\0\0\200]'\0\0\0\0\0 \2\0\0\0\0\0\0 \2\0\0\0\0\0\0\10\0\0\0\0\0\0\0\4\0\0\0\4\0\0\0\340\2\0\0\0\0\0\0\340\2\0\0\0\0\0\0\340\2\0\0\0\0\0\0 \0\0\0\0\0\0\0 \0\0\0\0\0\0\0\10\0\0\0\0\0\0\0\4\0\0\0\4\0\0\0\0\3\0\0\0\0\0\0\0\3\0\0\0\0\0\0\0\3\0\0\0\0\0\0\234\0\0\0\0\0\0\0\234\0\0\0\0\0\0\0\4\0\0\0\0\0\0\0\7\0\0\0\4\0\0\0\20\263&\0\0\0\0\0\20\303&\0\0\0\0\0\20\303&\0\0\0\0\0\0\0\0\0\0\0\0\0 \0\0\0\0\0\0\0\10\0\0\0\0\0\0\0S\345td\4\0\0\0\340\2\0\0\0\0\0\0\340\2\0\0\0\0\0\0\340\2\0\0\0\0\0\0 \0\0\0\0\0\0\0 \0\0\0\0\0\0\0\10\0\0\0\0\0\0\0P\345td\4\0\0\0\360\274\"\0\0\0\0\0\360\274\"\0\0\0\0\0\360\274\"\0\0\0\0\0D\240\0\0\0\0\0\0D\240\0\0\0\0\0\0\4\0\0\0\0\0\0\0Q\345td\6\0\0\0\0\0\0\0\0\0\0\0\0\0\0\0\0\0\0\0\0\0\0\0\0\0\0\0\0\0\0\0\0\0\0\0\0\0\0\0\0\0\0\0\20\0\0\0\0\0\0\0R\345td\4\0\0\0\20\263&\0\0\0\0\0\20\303&\0\0\0\0\0\20\303&\0\0\0\0\0\360\254\0\0\0\0\0\0\360\254\0\0\0\0\0\0\1\0\0\0\0\0\0\0\4\0\0\0\20\0\0\0\5\0\0\0GNU\0\2\0\0\300\4\0\0\0\3\0\0\0\0\0\0\0\4\0\0\0\24\0\0\0\3\0\0\0GNU\0\312w\332\347u\354\207T\n\315r\30\372\231\f@\321\311J\261\4\0\0\0h\0\0\0~\32\376\312FDO\0{\"type\":\"deb", 832) = 832
fstat(3, {st_mode=S_IFREG|0644, st_size=2592224, ...}) = 0
mmap(NULL, 2609472, PROT_READ, MAP_PRIVATE|MAP_DENYWRITE, 3, 0) = 0x7b5d23600000
mmap(0x7b5d2369d000, 1343488, PROT_READ|PROT_EXEC, MAP_PRIVATE|MAP_FIXED|MAP_DENYWRITE, 3, 0x9d000) = 0x7b5d2369d000
mmap(0x7b5d237e5000, 552960, PROT_READ, MAP_PRIVATE|MAP_FIXED|MAP_DENYWRITE, 3, 0x1e5000) = 0x7b5d237e5000
mmap(0x7b5d2386c000, 57344, PROT_READ|PROT_WRITE, MAP_PRIVATE|MAP_FIXED|MAP_DENYWRITE, 3, 0x26b000) = 0x7b5d2386c000
mmap(0x7b5d2387a000, 12608, PROT_READ|PROT_WRITE, MAP_PRIVATE|MAP_FIXED|MAP_ANONYMOUS, -1, 0) = 0x7b5d2387a000
close(3)                                = 0
mmap(NULL, 8192, PROT_READ|PROT_WRITE, MAP_PRIVATE|MAP_ANONYMOUS, -1, 0) = 0x7b5d24cdd000
mmap(NULL, 12288, PROT_READ|PROT_WRITE, MAP_PRIVATE|MAP_ANONYMOUS, -1, 0) = 0x7b5d24cda000
arch_prctl(ARCH_SET_FS, 0x7b5d24cda7c0) = 0
set_tid_address(0x7b5d24cdaa90)         = 71838
set_robust_list(0x7b5d24cdaaa0, 24)     = 0
rseq(0x7b5d24cdb0e0, 0x20, 0, 0x53053053) = 0
mprotect(0x7b5d23bff000, 16384, PROT_READ) = 0
mprotect(0x7b5d245ca000, 4096, PROT_READ) = 0
mprotect(0x7b5d244e1000, 4096, PROT_READ) = 0
mprotect(0x7b5d2386c000, 45056, PROT_READ) = 0
mprotect(0x7b5d23e6f000, 8192, PROT_READ) = 0
mprotect(0x7b5d245fb000, 16384, PROT_READ) = 0
mprotect(0x7b5d24d08000, 4096, PROT_READ) = 0
mprotect(0x7b5d24795000, 16384, PROT_READ) = 0
mprotect(0x55f4b9fa3000, 4096, PROT_READ) = 0
mprotect(0x7b5d24d5f000, 8192, PROT_READ) = 0
prlimit64(0, RLIMIT_STACK, NULL, {rlim_cur=8192*1024, rlim_max=RLIM64_INFINITY}) = 0
munmap(0x7b5d24d0a000, 117379)          = 0
readlinkat(AT_FDCWD, "/proc/self/exe", "/home/louise/BCIT/comp4985-internetworking/project-client/build/main", 4096) = 68
mmap(NULL, 4096, PROT_READ|PROT_WRITE, MAP_PRIVATE|MAP_ANONYMOUS, -1, 0) = 0x7b5d24d26000
openat(AT_FDCWD, "/proc/self/cmdline", O_RDONLY) = 3
read(3, "./build/main\0-h\000192.168.0.172\0", 4096) = 30
read(3, "", 4066)                       = 0
close(3)                                = 0
munmap(0x7b5d24d26000, 4096)            = 0
mmap(NULL, 4096, PROT_READ|PROT_WRITE, MAP_PRIVATE|MAP_ANONYMOUS, -1, 0) = 0x7b5d24d26000
openat(AT_FDCWD, "/proc/self/environ", O_RDONLY) = 3
read(3, "SHELL=/bin/bash\0SESSION_MANAGER=local/liyeeoo:@/tmp/.ICE-unix/3225,unix/liyeeoo:/tmp/.ICE-unix/3225\0QT_ACCESSIBILITY=1\0COLORTERM=truecolor\0XDG_CONFIG_DIRS=/etc/xdg/xdg-ubuntu:/etc/xdg\0XDG_MENU_PREFIX=gnome-\0GNOME_DESKTOP_SESSION_ID=this-is-deprecated\0GNOME_SHELL_SESSION_MODE=ubuntu\0SSH_AUTH_SOCK=/run/user/1000/keyring/ssh\0MEMORY_PRESSURE_WRITE=c29tZSAyMDAwMDAgMjAwMDAwMAA=\0XMODIFIERS=@im=ibus\0DESKTOP_SESSION=ubuntu\0GTK_MODULES=gail:atk-bridge\0PWD=/home/louise/BCIT/comp4985-internetworking/project-client\0LOGNAME=louise\0XDG_SESSION_DESKTOP=ubuntu\0XDG_SESSION_TYPE=wayland\0SYSTEMD_EXEC_PID=3266\0XAUTHORITY=/run/user/1000/.mutter-Xwaylandauth.JBAQ32\0HOME=/home/louise\0USERNAME=louise\0IM_CONFIG_PHASE=1\0LANG=en_US.UTF-8\0LS_COLORS=rs=0:di=01;34:ln=01;36:mh=00:pi=40;33:so=01;35:do=01;35:bd=40;33;01:cd=40;33;01:or=40;31;01:mi=00:su=37;41:sg=30;43:ca=00:tw=30;42:ow=34;42:st=37;44:ex=01;32:*.tar=01;31:*.tgz=01;31:*.arc=01;31:*.arj=01;31:*.taz=01;31:*.lha=01;31:*.lz4=01;31:*.lzh=01;31:*.lzma=01;31:*.tlz=01;31:*.txz=01;31:*.tzo=01;31:*.t7z=01;31:*.zip=01;31:*.z=01;31:*.dz=01;31:*.gz=01;31:*.lrz=01;31:*.lz=01;31:*.lzo=01;31:*.xz=01;31:*.zst=01;31:*.tzst=01;31:*.bz2=01;31:*.bz=01;31:*.tbz=01;31:*.tbz2=01;31:*.tz=01;31:*.deb=01;31:*.rpm=01;31:*.jar=01;31:*.war=01;31:*.ear=01;31:*.sar=01;31:*.rar=01;31:*.alz=01;31:*.ace=01;31:*.zoo=01;31:*.cpio=01;31:*.7z=01;31:*.rz=01;31:*.cab=01;31:*.wim=01;31:*.swm=01;31:*.dwm=01;31:*.esd=01;31:*.avif=01;35:*.jpg=01;35:*.jpeg=01;35:*.mjpg=01;35:*.mjpeg=01;35:*.gif=01;35:*.bmp=01;35:*.pbm=01;35:*.pgm=01;35:*.ppm=01;35:*.tga=01;35:*.xbm=01;35:*.xpm=01;35:*.tif=01;35:*.tiff=01;35:*.png=01;35:*.svg=01;35:*.svgz=01;35:*.mng=01;35:*.pcx=01;35:*.mov=01;35:*.mpg=01;35:*.mpeg=01;35:*.m2v=01;35:*.mkv=01;35:*.webm=01;35:*.webp=01;35:*.ogm=01;35:*.mp4=01;35:*.m4v=01;35:*.mp4v=01;35:*.vob=01;35:*.qt=01;35:*.nuv=01;35:*.wmv=01;35:*.asf=01;35:*.rm=01;35:*.rmvb=01;35:*.flc=01;35:*.avi=01;35:*.fli=01;35:*.flv=01;35:*.gl=01;35:*.dl=01;35:*.xcf=01;35:*.xwd=01;35:*.yuv=01;35:*.cgm=01;35:*.emf=01;35:*.ogv=01;35:*.ogx=01;35:*.aac=00;36:*.au=00;36:*.flac=00;36:*.m4a=00;36:*.mid=00;36:*.midi=00;36:*.mka=00;36:*.mp3=00;36:*.mpc=00;36:*.ogg=00;36:*.ra=00;36:*.wav=00;36:*.oga=00;36:*.opus=00;36:*.spx=00;36:*.xspf=00;36:*~=00;90:*#=00;90:*.bak=00;90:*.crdownload=00;90:*.dpkg-dist=00;90:*.dpkg-new=00;90:*.dpkg-old=00;90:*.dpkg-tmp=00;90:*.old=00;90:*.orig=00;90:*.part=00;90:*.rej=00;90:*.rpmnew=00;90:*.rpmorig=00;90:*.rpmsave=00;90:*.swp=00;90:*.tmp=00;90:*.ucf-dist=00;90:*.ucf-new=00;90:*.ucf-old=00;90:\0XDG_CURRENT_DESKTOP=ubuntu:GNOME\0MEMORY_PRESSURE_WATCH=/sys/fs/cgroup/user.slice/user-1000.slice/user@1000.service/session.slice/org.gnome.Shell@wayland.service/memory.pressure\0VTE_VERSION=7600\0WAYLAND_DISPLAY=wayland-0\0GNOME_TERMINAL_SCREEN=/org/gnome/Terminal/screen/f276a689_fe9b_4562_9bec_608a01cb0d21\0QTWEBENGINE_DICTIONARIES_PATH=/usr/share/hunspell-bdic/\0GNOME_SETUP_DISPLAY=:1\0LESSCLOSE=/usr/bin/lesspipe %s %s\0XDG_SESSION_CLASS=user\0TERM=xterm-256color\0LESSOPEN=| /usr/bin/lesspipe %s\0USER=louise\0GNOME_TERMINAL_SERVICE=:1.852\0DISPLAY=:0\0SHLVL=1\0GSM_SKIP_SSH_AGENT_WORKAROUND=true\0QT_IM_MODULE=ibus\0XDG_RUNTIME_DIR=/run/user/1000\0DEBUGINFOD_URLS=https://debuginfod.ubuntu.com \0XDG_DATA_DIRS=/usr/share/ubuntu:/usr/share/gnome:/home/louise/.local/share/flatpak/exports/share:/var/lib/flatpak/exports/share:/usr/local/share/:/usr/share/:/var/lib/snapd/desktop\0PATH=/usr/local/sbin:/usr/local/bin:/usr/sbin:/usr/bin:/sbin:/bin:/usr/games:/usr/local/games:/snap/bin:/snap/bin\0GDMSESSION=ubuntu\0DBUS_SESSION_BUS_ADDRESS=unix:path=/run/user/1000/bus\0_=/usr/bin/strace\0", 4096) = 3608
read(3, "", 488)                        = 0
close(3)                                = 0
mmap(NULL, 65536, PROT_READ|PROT_WRITE, MAP_PRIVATE|MAP_ANONYMOUS, -1, 0) = 0x7b5d24d16000
mmap(NULL, 3727360, PROT_READ|PROT_WRITE, MAP_PRIVATE|MAP_ANONYMOUS, -1, 0) = 0x7b5d23200000
mmap(NULL, 2097152, PROT_READ|PROT_WRITE, MAP_PRIVATE|MAP_ANONYMOUS, -1, 0) = 0x7b5d23000000
munmap(0x7b5d23100000, 1048576)         = 0
mmap(NULL, 4096, PROT_READ|PROT_WRITE, MAP_PRIVATE|MAP_ANONYMOUS, -1, 0) = 0x7b5d24d15000
mmap(NULL, 2097152, PROT_READ|PROT_WRITE, MAP_PRIVATE|MAP_ANONYMOUS, -1, 0) = 0x7b5d22e00000
munmap(0x7b5d22f00000, 1048576)         = 0
mmap(NULL, 4096, PROT_READ|PROT_WRITE, MAP_PRIVATE|MAP_ANONYMOUS, -1, 0) = 0x7b5d24d14000
mmap(NULL, 2097152, PROT_READ|PROT_WRITE, MAP_PRIVATE|MAP_ANONYMOUS, -1, 0) = 0x7b5d22c00000
munmap(0x7b5d22d00000, 1048576)         = 0
mmap(NULL, 2097152, PROT_READ|PROT_WRITE, MAP_PRIVATE|MAP_ANONYMOUS, -1, 0) = 0x7b5d22a00000
munmap(0x7b5d22b00000, 1048576)         = 0
mmap(NULL, 2097152, PROT_READ|PROT_WRITE, MAP_PRIVATE|MAP_ANONYMOUS, -1, 0) = 0x7b5d22800000
munmap(0x7b5d22900000, 1048576)         = 0
mmap(NULL, 4096, PROT_READ|PROT_WRITE, MAP_PRIVATE|MAP_ANONYMOUS, -1, 0) = 0x7b5d24d13000
prlimit64(0, RLIMIT_CORE, NULL, {rlim_cur=0, rlim_max=RLIM64_INFINITY}) = 0
prlimit64(0, RLIMIT_CORE, {rlim_cur=0, rlim_max=RLIM64_INFINITY}, NULL) = 0
mmap(NULL, 4096, PROT_READ|PROT_WRITE, MAP_PRIVATE|MAP_ANONYMOUS, -1, 0) = 0x7b5d24d12000
openat(AT_FDCWD, "/proc/self/maps", O_RDONLY) = 3
read(3, "55f4b9f5b000-55f4b9f79000 r--p 00000000 103:07 2241290                   /home/louise/BCIT/comp4985-internetworking/project-client/build/main\n55f4b9f79000-55f4b9f9b000 r-xp 0001e000 103:07 2241290                   /home/louise/BCIT/comp4985-internetworking/project-client/build/main\n55f4b9f9b000-55f4b9fa3000 r--p 00040000 103:07 2241290                   /home/louise/BCIT/comp4985-internetworking/project-client/build/main\n55f4b9fa3000-55f4b9fa4000 r--p 00048000 103:07 2241290                   /home/louise/BCIT/comp4985-internetworking/project-client/build/main\n55f4b9fa4000-55f4b9fc3000 rw-p 00049000 103:07 2241290                   /home/louise/BCIT/comp4985-internetworking/project-client/build/main\n55f4b9fc3000-55f4b9fc7000 rw-p 00000000 00:00 0 \n7b5d22800000-7b5d22900000 rw-p 00000000 00:00 0 \n7b5d22a00000-7b5d22b00000 rw-p 00000000 00:00 0 \n7b5d22c00000-7b5d22d00000 rw-p 00000000 00:00 0 \n7b5d22e00000-7b5d22f00000 rw-p 00000000 00:00 0 \n7b5d23000000-7b5d23100000 rw-p 00000000 00:00 0 \n7b5d23200000-7b5d2358e000 rw-p 00000000 00:00 0 \n7b5d23600000-7b5d2369d000 r--p 00000000 103:07 3803334                   /usr/lib/x86_64-linux-gnu/libstdc++.so.6.0.33\n7b5d2369d000-7b5d237e5000 r-xp 0009d000 103:07 3803334                   /usr/lib/x86_64-linux-gnu/libstdc++.so.6.0.33\n7b5d237e5000-7b5d2386c000 r--p 001e5000 103:07 3803334                   /usr/lib/x86_64-linux-gnu/libstdc++.so.6.0.33\n7b5d2386c000-7b5d23877000 r--p 0026b000 103:07 3803334                   /usr/lib/x86_64-linux-gnu/libstdc++.so.6.0.33\n7b5d23877000-7b5d2387a000 rw-p 00276000 103:07 3803334                   /usr/lib/x86_64-linux-gnu/libstdc++.so.6.0.33\n7b5d2387a000-7b5d2387e000 rw-p 00000000 00:00 0 \n7b5d23a00000-7b5d23a28000 r--p 00000000 103:07 3803652                   /usr/lib/x86_64-linux-gnu/libc.so.6\n7b5d23a28000-7b5d23bb0000 r-xp 00028000 103:07 3803652                   /usr/lib/x86_64-linux-gnu/libc.so.6\n7b5d23bb0000-7b5d23bff000 r--p 001b0000 103:07 3803652                   /usr/lib/x86_64-linux-gnu/libc.so.6\n7b5d23bff000-7b5d23c03000 r--p 001fe000 103:07 3803652                   /usr/lib/x86_64-linux-gnu/libc.so.6\n7b5d23c03000-7b5d23c05000 rw-p 00202000 103:07 3803652                   /usr/lib/x86_64-linux-gnu/libc.so.6\n7b5d23c05000-7b5d23c12000 rw-p 00000000 00:00 0 \n7b5d23e00000-7b5d23e07000 r--p 00000000 103:07 3809873                   /usr/lib/x86_64-linux-gnu/libubsan.so.1.0.0\n7b5d23e07000-7b5d23e58000 r-xp 00007000 103:07 3809873                   /usr/lib/x86_64-linux-gnu/libubsan.so.1.0.0\n7b5d23e58000-7b5d23e6f000 r--p 00058000 103:07 3809873                   /usr/lib/x86_64-linux-gnu/libubsan.so.1.0.0\n7b5d23e6f000-7b5d23e71000 r--p 0006e000 103:07 3809873                   /usr/lib/x86_64-linux-gnu/libubsan.so.1.0.0\n7b5d23e71000-7b5d23e74000 rw-p 00070000 103:07 3809873                   /usr/lib/x86_64-linux-gnu/libubsan.so.1.0.0\n7b5d23e74000-7b5d24416000 rw-p 00000000 00:00 0 \n7b5d244b5000-7b5d244b9000 r--p 00000000 103:07 3809847                   /usr/lib/x86_64-linux-gnu/libgcc_s.so.1\n7b5d244b9000-7b5d244dd000 r-xp 00004000 103:07 3809847                   /usr/lib/x86_64-linux-gnu/libgcc_s.so.1\n7b5d244dd000-7b5d244e1000 r--p 00028000 103:07 3809847                   /usr/lib/x86_64-linux-gnu/libgcc_s.so.1\n7b5d244e1000-7b5d244e2000 r--p 0002b000 103:07 3809847                   /usr/lib/x86_64-linux-gnu/libgcc_s.so.1\n7b5d244e2000-7b5d244e3000 rw-p 0002c000 103:07 3809847                   /usr/lib/x86_64-linux-gnu/libgcc_s.so.1\n7b5d244e3000-7b5d244f3000 r--p 00000000 103:07 3803655                   /usr/lib/x86_64-linux-gnu/libm.so.6\n7b5d244f3000-7b5d24572000 r-xp 00010000 103:07 3803655                   /usr/lib/x86_64-linux-gnu/libm.so.6\n7b5d24572000-7b5d245ca000 r--p 0008f000 103:07 3803655                   /usr/lib/x86_64-linux-gnu/libm.so.6\n7b5d245ca000-7b5d245cb000 r--p 000e7000 103:07 3803655                   /usr/lib/x86_64-linux-gnu/libm.so.6\n7b5d245cb000-7b5d245cc000 rw-p 000e8000 103:07 3803655                   /usr/lib/x86_64-linux-gnu/libm.so.6\n", 4096) = 4035
read(3, "7b5d245cc000-7b5d245da000 r--p 00000000 103:07 3817102       ", 61) = 61
close(3)                                = 0
munmap(0x7b5d24d12000, 4096)            = 0
mmap(NULL, 8192, PROT_READ|PROT_WRITE, MAP_PRIVATE|MAP_ANONYMOUS, -1, 0) = 0x7b5d24d11000
openat(AT_FDCWD, "/proc/self/maps", O_RDONLY) = 3
read(3, "55f4b9f5b000-55f4b9f79000 r--p 00000000 103:07 2241290                   /home/louise/BCIT/comp4985-internetworking/project-client/build/main\n55f4b9f79000-55f4b9f9b000 r-xp 0001e000 103:07 2241290                   /home/louise/BCIT/comp4985-internetworking/project-client/build/main\n55f4b9f9b000-55f4b9fa3000 r--p 00040000 103:07 2241290                   /home/louise/BCIT/comp4985-internetworking/project-client/build/main\n55f4b9fa3000-55f4b9fa4000 r--p 00048000 103:07 2241290                   /home/louise/BCIT/comp4985-internetworking/project-client/build/main\n55f4b9fa4000-55f4b9fc3000 rw-p 00049000 103:07 2241290                   /home/louise/BCIT/comp4985-internetworking/project-client/build/main\n55f4b9fc3000-55f4b9fc7000 rw-p 00000000 00:00 0 \n7b5d22800000-7b5d22900000 rw-p 00000000 00:00 0 \n7b5d22a00000-7b5d22b00000 rw-p 00000000 00:00 0 \n7b5d22c00000-7b5d22d00000 rw-p 00000000 00:00 0 \n7b5d22e00000-7b5d22f00000 rw-p 00000000 00:00 0 \n7b5d23000000-7b5d23100000 rw-p 00000000 00:00 0 \n7b5d23200000-7b5d2358e000 rw-p 00000000 00:00 0 \n7b5d23600000-7b5d2369d000 r--p 00000000 103:07 3803334                   /usr/lib/x86_64-linux-gnu/libstdc++.so.6.0.33\n7b5d2369d000-7b5d237e5000 r-xp 0009d000 103:07 3803334                   /usr/lib/x86_64-linux-gnu/libstdc++.so.6.0.33\n7b5d237e5000-7b5d2386c000 r--p 001e5000 103:07 3803334                   /usr/lib/x86_64-linux-gnu/libstdc++.so.6.0.33\n7b5d2386c000-7b5d23877000 r--p 0026b000 103:07 3803334                   /usr/lib/x86_64-linux-gnu/libstdc++.so.6.0.33\n7b5d23877000-7b5d2387a000 rw-p 00276000 103:07 3803334                   /usr/lib/x86_64-linux-gnu/libstdc++.so.6.0.33\n7b5d2387a000-7b5d2387e000 rw-p 00000000 00:00 0 \n7b5d23a00000-7b5d23a28000 r--p 00000000 103:07 3803652                   /usr/lib/x86_64-linux-gnu/libc.so.6\n7b5d23a28000-7b5d23bb0000 r-xp 00028000 103:07 3803652                   /usr/lib/x86_64-linux-gnu/libc.so.6\n7b5d23bb0000-7b5d23bff000 r--p 001b0000 103:07 3803652                   /usr/lib/x86_64-linux-gnu/libc.so.6\n7b5d23bff000-7b5d23c03000 r--p 001fe000 103:07 3803652                   /usr/lib/x86_64-linux-gnu/libc.so.6\n7b5d23c03000-7b5d23c05000 rw-p 00202000 103:07 3803652                   /usr/lib/x86_64-linux-gnu/libc.so.6\n7b5d23c05000-7b5d23c12000 rw-p 00000000 00:00 0 \n7b5d23e00000-7b5d23e07000 r--p 00000000 103:07 3809873                   /usr/lib/x86_64-linux-gnu/libubsan.so.1.0.0\n7b5d23e07000-7b5d23e58000 r-xp 00007000 103:07 3809873                   /usr/lib/x86_64-linux-gnu/libubsan.so.1.0.0\n7b5d23e58000-7b5d23e6f000 r--p 00058000 103:07 3809873                   /usr/lib/x86_64-linux-gnu/libubsan.so.1.0.0\n7b5d23e6f000-7b5d23e71000 r--p 0006e000 103:07 3809873                   /usr/lib/x86_64-linux-gnu/libubsan.so.1.0.0\n7b5d23e71000-7b5d23e74000 rw-p 00070000 103:07 3809873                   /usr/lib/x86_64-linux-gnu/libubsan.so.1.0.0\n7b5d23e74000-7b5d24416000 rw-p 00000000 00:00 0 \n7b5d244b5000-7b5d244b9000 r--p 00000000 103:07 3809847                   /usr/lib/x86_64-linux-gnu/libgcc_s.so.1\n7b5d244b9000-7b5d244dd000 r-xp 00004000 103:07 3809847                   /usr/lib/x86_64-linux-gnu/libgcc_s.so.1\n7b5d244dd000-7b5d244e1000 r--p 00028000 103:07 3809847                   /usr/lib/x86_64-linux-gnu/libgcc_s.so.1\n7b5d244e1000-7b5d244e2000 r--p 0002b000 103:07 3809847                   /usr/lib/x86_64-linux-gnu/libgcc_s.so.1\n7b5d244e2000-7b5d244e3000 rw-p 0002c000 103:07 3809847                   /usr/lib/x86_64-linux-gnu/libgcc_s.so.1\n7b5d244e3000-7b5d244f3000 r--p 00000000 103:07 3803655                   /usr/lib/x86_64-linux-gnu/libm.so.6\n7b5d244f3000-7b5d24572000 r-xp 00010000 103:07 3803655                   /usr/lib/x86_64-linux-gnu/libm.so.6\n7b5d24572000-7b5d245ca000 r--p 0008f000 103:07 3803655                   /usr/lib/x86_64-linux-gnu/libm.so.6\n7b5d245ca000-7b5d245cb000 r--p 000e7000 103:07 3803655                   /usr/lib/x86_64-linux-gnu/libm.so.6\n7b5d245cb000-7b5d245cc000 rw-p 000e8000 103:07 3803655                   /usr/lib/x86_64-linux-gnu/libm.so.6\n", 8192) = 4035
read(3, "7b5d245cc000-7b5d245da000 r--p 00000000 103:07 3817102                   /usr/lib/x86_64-linux-gnu/libtinfo.so.6.4\n7b5d245da000-7b5d245ed000 r-xp 0000e000 103:07 3817102                   /usr/lib/x86_64-linux-gnu/libtinfo.so.6.4\n7b5d245ed000-7b5d245fb000 r--p 00021000 103:07 3817102                   /usr/lib/x86_64-linux-gnu/libtinfo.so.6.4\n7b5d245fb000-7b5d245ff000 r--p 0002e000 103:07 3817102                   /usr/lib/x86_64-linux-gnu/libtinfo.so.6.4\n7b5d245ff000-7b5d24600000 rw-p 00032000 103:07 3817102                   /usr/lib/x86_64-linux-gnu/libtinfo.so.6.4\n7b5d24600000-7b5d24636000 r--p 00000000 103:07 3815333                   /usr/lib/x86_64-linux-gnu/libasan.so.8.0.0\n7b5d24636000-7b5d2475c000 r-xp 00036000 103:07 3815333                   /usr/lib/x86_64-linux-gnu/libasan.so.8.0.0\n7b5d2475c000-7b5d24795000 r--p 0015c000 103:07 3815333                   /usr/lib/x86_64-linux-gnu/libasan.so.8.0.0\n7b5d24795000-7b5d24799000 r--p 00194000 103:07 3815333                   /usr/lib/x86_64-linux-gnu/libasan.so.8.0.0\n7b5d24799000-7b5d2479d000 rw-p 00198000 103:07 3815333                   /usr/lib/x86_64-linux-gnu/libasan.so.8.0.0\n7b5d2479d000-7b5d24cd1000 rw-p 00000000 00:00 0 \n7b5d24cda000-7b5d24ce1000 rw-p 00000000 00:00 0 \n7b5d24ce1000-7b5d24ce8000 r--p 00000000 103:07 3816871                   /usr/lib/x86_64-linux-gnu/libncurses.so.6.4\n7b5d24ce8000-7b5d24d03000 r-xp 00007000 103:07 3816871                   /usr/lib/x86_64-linux-gnu/libncurses.so.6.4\n7b5d24d03000-7b5d24d08000 r--p 00022000 103:07 3816871                   /usr/lib/x86_64-linux-gnu/libncurses.so.6.4\n7b5d24d08000-7b5d24d09000 r--p 00027000 103:07 3816871                   /usr/lib/x86_64-linux-gnu/libncurses.so.6.4\n7b5d24d09000-7b5d24d0a000 rw-p 00028000 103:07 3816871                   /usr/lib/x86_64-linux-gnu/libncurses.so.6.4\n7b5d24d11000-7b5d24d29000 rw-p 00000000 00:00 0 \n7b5d24d29000-7b5d24d2a000 r--p 00000000 103:07 3803649                   /usr/lib/x86_64-linux-gnu/ld-linux-x86-64.so.2\n7b5d24d2a000-7b5d24d55000 r-xp 00001000 103:07 3803649                   /usr/lib/x86_64-linux-gnu/ld-linux-x86-64.so.2\n7b5d24d55000-7b5d24d5f000 r--p 0002c000 103:07 3803649                   /usr/lib/x86_64-linux-gnu/ld-linux-x86-64.so.2\n7b5d24d5f000-7b5d24d61000 r--p 00036000 103:07 3803649                   /usr/lib/x86_64-linux-gnu/ld-linux-x86-64.so.2\n7b5d24d61000-7b5d24d63000 rw-p 00038000 103:07 3803649                   /usr/lib/x86_64-linux-gnu/ld-linux-x86-64.so.2\n7ffc1bd8d000-7ffc1bdae000 rw-p 00000000 00:00 0                          [stack]\n7ffc1bde5000-7ffc1bde9000 r--p 00000000 00:00 0                          [vvar]\n7ffc1bde9000-7ffc1bdeb000 r-xp 00000000 00:00 0                          [vdso]\nffffffffff600000-ffffffffff601000 --xp 00000000 00:00 0                  [vsyscall]\n", 4157) = 2812
read(3, "", 1345)                       = 0
close(3)                                = 0
mmap(NULL, 4096, PROT_READ|PROT_WRITE, MAP_PRIVATE|MAP_ANONYMOUS, -1, 0) = 0x7b5d24d10000
openat(AT_FDCWD, "/proc/self/maps", O_RDONLY) = 3
read(3, "55f4b9f5b000-55f4b9f79000 r--p 00000000 103:07 2241290                   /home/louise/BCIT/comp4985-internetworking/project-client/build/main\n55f4b9f79000-55f4b9f9b000 r-xp 0001e000 103:07 2241290                   /home/louise/BCIT/comp4985-internetworking/project-client/build/main\n55f4b9f9b000-55f4b9fa3000 r--p 00040000 103:07 2241290                   /home/louise/BCIT/comp4985-internetworking/project-client/build/main\n55f4b9fa3000-55f4b9fa4000 r--p 00048000 103:07 2241290                   /home/louise/BCIT/comp4985-internetworking/project-client/build/main\n55f4b9fa4000-55f4b9fc3000 rw-p 00049000 103:07 2241290                   /home/louise/BCIT/comp4985-internetworking/project-client/build/main\n55f4b9fc3000-55f4b9fc7000 rw-p 00000000 00:00 0 \n7b5d22800000-7b5d22900000 rw-p 00000000 00:00 0 \n7b5d22a00000-7b5d22b00000 rw-p 00000000 00:00 0 \n7b5d22c00000-7b5d22d00000 rw-p 00000000 00:00 0 \n7b5d22e00000-7b5d22f00000 rw-p 00000000 00:00 0 \n7b5d23000000-7b5d23100000 rw-p 00000000 00:00 0 \n7b5d23200000-7b5d2358e000 rw-p 00000000 00:00 0 \n7b5d23600000-7b5d2369d000 r--p 00000000 103:07 3803334                   /usr/lib/x86_64-linux-gnu/libstdc++.so.6.0.33\n7b5d2369d000-7b5d237e5000 r-xp 0009d000 103:07 3803334                   /usr/lib/x86_64-linux-gnu/libstdc++.so.6.0.33\n7b5d237e5000-7b5d2386c000 r--p 001e5000 103:07 3803334                   /usr/lib/x86_64-linux-gnu/libstdc++.so.6.0.33\n7b5d2386c000-7b5d23877000 r--p 0026b000 103:07 3803334                   /usr/lib/x86_64-linux-gnu/libstdc++.so.6.0.33\n7b5d23877000-7b5d2387a000 rw-p 00276000 103:07 3803334                   /usr/lib/x86_64-linux-gnu/libstdc++.so.6.0.33\n7b5d2387a000-7b5d2387e000 rw-p 00000000 00:00 0 \n7b5d23a00000-7b5d23a28000 r--p 00000000 103:07 3803652                   /usr/lib/x86_64-linux-gnu/libc.so.6\n7b5d23a28000-7b5d23bb0000 r-xp 00028000 103:07 3803652                   /usr/lib/x86_64-linux-gnu/libc.so.6\n7b5d23bb0000-7b5d23bff000 r--p 001b0000 103:07 3803652                   /usr/lib/x86_64-linux-gnu/libc.so.6\n7b5d23bff000-7b5d23c03000 r--p 001fe000 103:07 3803652                   /usr/lib/x86_64-linux-gnu/libc.so.6\n7b5d23c03000-7b5d23c05000 rw-p 00202000 103:07 3803652                   /usr/lib/x86_64-linux-gnu/libc.so.6\n7b5d23c05000-7b5d23c12000 rw-p 00000000 00:00 0 \n7b5d23e00000-7b5d23e07000 r--p 00000000 103:07 3809873                   /usr/lib/x86_64-linux-gnu/libubsan.so.1.0.0\n7b5d23e07000-7b5d23e58000 r-xp 00007000 103:07 3809873                   /usr/lib/x86_64-linux-gnu/libubsan.so.1.0.0\n7b5d23e58000-7b5d23e6f000 r--p 00058000 103:07 3809873                   /usr/lib/x86_64-linux-gnu/libubsan.so.1.0.0\n7b5d23e6f000-7b5d23e71000 r--p 0006e000 103:07 3809873                   /usr/lib/x86_64-linux-gnu/libubsan.so.1.0.0\n7b5d23e71000-7b5d23e74000 rw-p 00070000 103:07 3809873                   /usr/lib/x86_64-linux-gnu/libubsan.so.1.0.0\n7b5d23e74000-7b5d24416000 rw-p 00000000 00:00 0 \n7b5d244b5000-7b5d244b9000 r--p 00000000 103:07 3809847                   /usr/lib/x86_64-linux-gnu/libgcc_s.so.1\n7b5d244b9000-7b5d244dd000 r-xp 00004000 103:07 3809847                   /usr/lib/x86_64-linux-gnu/libgcc_s.so.1\n7b5d244dd000-7b5d244e1000 r--p 00028000 103:07 3809847                   /usr/lib/x86_64-linux-gnu/libgcc_s.so.1\n7b5d244e1000-7b5d244e2000 r--p 0002b000 103:07 3809847                   /usr/lib/x86_64-linux-gnu/libgcc_s.so.1\n7b5d244e2000-7b5d244e3000 rw-p 0002c000 103:07 3809847                   /usr/lib/x86_64-linux-gnu/libgcc_s.so.1\n7b5d244e3000-7b5d244f3000 r--p 00000000 103:07 3803655                   /usr/lib/x86_64-linux-gnu/libm.so.6\n7b5d244f3000-7b5d24572000 r-xp 00010000 103:07 3803655                   /usr/lib/x86_64-linux-gnu/libm.so.6\n7b5d24572000-7b5d245ca000 r--p 0008f000 103:07 3803655                   /usr/lib/x86_64-linux-gnu/libm.so.6\n7b5d245ca000-7b5d245cb000 r--p 000e7000 103:07 3803655                   /usr/lib/x86_64-linux-gnu/libm.so.6\n7b5d245cb000-7b5d245cc000 rw-p 000e8000 103:07 3803655                   /usr/lib/x86_64-linux-gnu/libm.so.6\n", 4096) = 4035
read(3, "7b5d245cc000-7b5d245da000 r--p 00000000 103:07 3817102       ", 61) = 61
close(3)                                = 0
munmap(0x7b5d24d10000, 4096)            = 0
mmap(NULL, 8192, PROT_READ|PROT_WRITE, MAP_PRIVATE|MAP_ANONYMOUS, -1, 0) = 0x7b5d24d0f000
openat(AT_FDCWD, "/proc/self/maps", O_RDONLY) = 3
read(3, "55f4b9f5b000-55f4b9f79000 r--p 00000000 103:07 2241290                   /home/louise/BCIT/comp4985-internetworking/project-client/build/main\n55f4b9f79000-55f4b9f9b000 r-xp 0001e000 103:07 2241290                   /home/louise/BCIT/comp4985-internetworking/project-client/build/main\n55f4b9f9b000-55f4b9fa3000 r--p 00040000 103:07 2241290                   /home/louise/BCIT/comp4985-internetworking/project-client/build/main\n55f4b9fa3000-55f4b9fa4000 r--p 00048000 103:07 2241290                   /home/louise/BCIT/comp4985-internetworking/project-client/build/main\n55f4b9fa4000-55f4b9fc3000 rw-p 00049000 103:07 2241290                   /home/louise/BCIT/comp4985-internetworking/project-client/build/main\n55f4b9fc3000-55f4b9fc7000 rw-p 00000000 00:00 0 \n7b5d22800000-7b5d22900000 rw-p 00000000 00:00 0 \n7b5d22a00000-7b5d22b00000 rw-p 00000000 00:00 0 \n7b5d22c00000-7b5d22d00000 rw-p 00000000 00:00 0 \n7b5d22e00000-7b5d22f00000 rw-p 00000000 00:00 0 \n7b5d23000000-7b5d23100000 rw-p 00000000 00:00 0 \n7b5d23200000-7b5d2358e000 rw-p 00000000 00:00 0 \n7b5d23600000-7b5d2369d000 r--p 00000000 103:07 3803334                   /usr/lib/x86_64-linux-gnu/libstdc++.so.6.0.33\n7b5d2369d000-7b5d237e5000 r-xp 0009d000 103:07 3803334                   /usr/lib/x86_64-linux-gnu/libstdc++.so.6.0.33\n7b5d237e5000-7b5d2386c000 r--p 001e5000 103:07 3803334                   /usr/lib/x86_64-linux-gnu/libstdc++.so.6.0.33\n7b5d2386c000-7b5d23877000 r--p 0026b000 103:07 3803334                   /usr/lib/x86_64-linux-gnu/libstdc++.so.6.0.33\n7b5d23877000-7b5d2387a000 rw-p 00276000 103:07 3803334                   /usr/lib/x86_64-linux-gnu/libstdc++.so.6.0.33\n7b5d2387a000-7b5d2387e000 rw-p 00000000 00:00 0 \n7b5d23a00000-7b5d23a28000 r--p 00000000 103:07 3803652                   /usr/lib/x86_64-linux-gnu/libc.so.6\n7b5d23a28000-7b5d23bb0000 r-xp 00028000 103:07 3803652                   /usr/lib/x86_64-linux-gnu/libc.so.6\n7b5d23bb0000-7b5d23bff000 r--p 001b0000 103:07 3803652                   /usr/lib/x86_64-linux-gnu/libc.so.6\n7b5d23bff000-7b5d23c03000 r--p 001fe000 103:07 3803652                   /usr/lib/x86_64-linux-gnu/libc.so.6\n7b5d23c03000-7b5d23c05000 rw-p 00202000 103:07 3803652                   /usr/lib/x86_64-linux-gnu/libc.so.6\n7b5d23c05000-7b5d23c12000 rw-p 00000000 00:00 0 \n7b5d23e00000-7b5d23e07000 r--p 00000000 103:07 3809873                   /usr/lib/x86_64-linux-gnu/libubsan.so.1.0.0\n7b5d23e07000-7b5d23e58000 r-xp 00007000 103:07 3809873                   /usr/lib/x86_64-linux-gnu/libubsan.so.1.0.0\n7b5d23e58000-7b5d23e6f000 r--p 00058000 103:07 3809873                   /usr/lib/x86_64-linux-gnu/libubsan.so.1.0.0\n7b5d23e6f000-7b5d23e71000 r--p 0006e000 103:07 3809873                   /usr/lib/x86_64-linux-gnu/libubsan.so.1.0.0\n7b5d23e71000-7b5d23e74000 rw-p 00070000 103:07 3809873                   /usr/lib/x86_64-linux-gnu/libubsan.so.1.0.0\n7b5d23e74000-7b5d24416000 rw-p 00000000 00:00 0 \n7b5d244b5000-7b5d244b9000 r--p 00000000 103:07 3809847                   /usr/lib/x86_64-linux-gnu/libgcc_s.so.1\n7b5d244b9000-7b5d244dd000 r-xp 00004000 103:07 3809847                   /usr/lib/x86_64-linux-gnu/libgcc_s.so.1\n7b5d244dd000-7b5d244e1000 r--p 00028000 103:07 3809847                   /usr/lib/x86_64-linux-gnu/libgcc_s.so.1\n7b5d244e1000-7b5d244e2000 r--p 0002b000 103:07 3809847                   /usr/lib/x86_64-linux-gnu/libgcc_s.so.1\n7b5d244e2000-7b5d244e3000 rw-p 0002c000 103:07 3809847                   /usr/lib/x86_64-linux-gnu/libgcc_s.so.1\n7b5d244e3000-7b5d244f3000 r--p 00000000 103:07 3803655                   /usr/lib/x86_64-linux-gnu/libm.so.6\n7b5d244f3000-7b5d24572000 r-xp 00010000 103:07 3803655                   /usr/lib/x86_64-linux-gnu/libm.so.6\n7b5d24572000-7b5d245ca000 r--p 0008f000 103:07 3803655                   /usr/lib/x86_64-linux-gnu/libm.so.6\n7b5d245ca000-7b5d245cb000 r--p 000e7000 103:07 3803655                   /usr/lib/x86_64-linux-gnu/libm.so.6\n7b5d245cb000-7b5d245cc000 rw-p 000e8000 103:07 3803655                   /usr/lib/x86_64-linux-gnu/libm.so.6\n", 8192) = 4035
read(3, "7b5d245cc000-7b5d245da000 r--p 00000000 103:07 3817102                   /usr/lib/x86_64-linux-gnu/libtinfo.so.6.4\n7b5d245da000-7b5d245ed000 r-xp 0000e000 103:07 3817102                   /usr/lib/x86_64-linux-gnu/libtinfo.so.6.4\n7b5d245ed000-7b5d245fb000 r--p 00021000 103:07 3817102                   /usr/lib/x86_64-linux-gnu/libtinfo.so.6.4\n7b5d245fb000-7b5d245ff000 r--p 0002e000 103:07 3817102                   /usr/lib/x86_64-linux-gnu/libtinfo.so.6.4\n7b5d245ff000-7b5d24600000 rw-p 00032000 103:07 3817102                   /usr/lib/x86_64-linux-gnu/libtinfo.so.6.4\n7b5d24600000-7b5d24636000 r--p 00000000 103:07 3815333                   /usr/lib/x86_64-linux-gnu/libasan.so.8.0.0\n7b5d24636000-7b5d2475c000 r-xp 00036000 103:07 3815333                   /usr/lib/x86_64-linux-gnu/libasan.so.8.0.0\n7b5d2475c000-7b5d24795000 r--p 0015c000 103:07 3815333                   /usr/lib/x86_64-linux-gnu/libasan.so.8.0.0\n7b5d24795000-7b5d24799000 r--p 00194000 103:07 3815333                   /usr/lib/x86_64-linux-gnu/libasan.so.8.0.0\n7b5d24799000-7b5d2479d000 rw-p 00198000 103:07 3815333                   /usr/lib/x86_64-linux-gnu/libasan.so.8.0.0\n7b5d2479d000-7b5d24cd1000 rw-p 00000000 00:00 0 \n7b5d24cda000-7b5d24ce1000 rw-p 00000000 00:00 0 \n7b5d24ce1000-7b5d24ce8000 r--p 00000000 103:07 3816871                   /usr/lib/x86_64-linux-gnu/libncurses.so.6.4\n7b5d24ce8000-7b5d24d03000 r-xp 00007000 103:07 3816871                   /usr/lib/x86_64-linux-gnu/libncurses.so.6.4\n7b5d24d03000-7b5d24d08000 r--p 00022000 103:07 3816871                   /usr/lib/x86_64-linux-gnu/libncurses.so.6.4\n7b5d24d08000-7b5d24d09000 r--p 00027000 103:07 3816871                   /usr/lib/x86_64-linux-gnu/libncurses.so.6.4\n7b5d24d09000-7b5d24d0a000 rw-p 00028000 103:07 3816871                   /usr/lib/x86_64-linux-gnu/libncurses.so.6.4\n7b5d24d0f000-7b5d24d29000 rw-p 00000000 00:00 0 \n7b5d24d29000-7b5d24d2a000 r--p 00000000 103:07 3803649                   /usr/lib/x86_64-linux-gnu/ld-linux-x86-64.so.2\n7b5d24d2a000-7b5d24d55000 r-xp 00001000 103:07 3803649                   /usr/lib/x86_64-linux-gnu/ld-linux-x86-64.so.2\n7b5d24d55000-7b5d24d5f000 r--p 0002c000 103:07 3803649                   /usr/lib/x86_64-linux-gnu/ld-linux-x86-64.so.2\n7b5d24d5f000-7b5d24d61000 r--p 00036000 103:07 3803649                   /usr/lib/x86_64-linux-gnu/ld-linux-x86-64.so.2\n7b5d24d61000-7b5d24d63000 rw-p 00038000 103:07 3803649                   /usr/lib/x86_64-linux-gnu/ld-linux-x86-64.so.2\n7ffc1bd8d000-7ffc1bdae000 rw-p 00000000 00:00 0                          [stack]\n7ffc1bde5000-7ffc1bde9000 r--p 00000000 00:00 0                          [vvar]\n7ffc1bde9000-7ffc1bdeb000 r-xp 00000000 00:00 0                          [vdso]\nffffffffff600000-ffffffffff601000 --xp 00000000 00:00 0                  [vsyscall]\n", 4157) = 2812
read(3, "", 1345)                       = 0
close(3)                                = 0
munmap(0x7b5d24d0f000, 8192)            = 0
mmap(0x7fff7000, 268435456, PROT_READ|PROT_WRITE, MAP_PRIVATE|MAP_FIXED|MAP_ANONYMOUS|MAP_NORESERVE, -1, 0) = 0x7fff7000
madvise(0x7fff7000, 268435456, MADV_NOHUGEPAGE) = 0
madvise(0x7fff7000, 268435456, MADV_DONTDUMP) = 0
mmap(0x2008fff7000, 15392894357504, PROT_READ|PROT_WRITE, MAP_PRIVATE|MAP_FIXED|MAP_ANONYMOUS|MAP_NORESERVE, -1, 0) = 0x2008fff7000
madvise(0x2008fff7000, 15392894357504, MADV_NOHUGEPAGE) = 0
madvise(0x2008fff7000, 15392894357504, MADV_DONTDUMP) = 0
mmap(0x8fff7000, 2199023255552, PROT_NONE, MAP_PRIVATE|MAP_FIXED|MAP_ANONYMOUS|MAP_NORESERVE, -1, 0) = 0x8fff7000
sigaltstack(NULL, {ss_sp=NULL, ss_flags=SS_DISABLE, ss_size=0}) = 0
mmap(NULL, 61440, PROT_READ|PROT_WRITE, MAP_PRIVATE|MAP_ANONYMOUS, -1, 0) = 0x7b5d244a6000
sigaltstack({ss_sp=0x7b5d244a6000, ss_flags=0, ss_size=58112}, NULL) = 0
rt_sigaction(SIGSEGV, {sa_handler=0x7b5d24703360, sa_mask=[], sa_flags=SA_RESTORER|SA_ONSTACK|SA_NODEFER|SA_SIGINFO, sa_restorer=0x7b5d23a45330}, NULL, 8) = 0
rt_sigaction(SIGBUS, {sa_handler=0x7b5d24703360, sa_mask=[], sa_flags=SA_RESTORER|SA_ONSTACK|SA_NODEFER|SA_SIGINFO, sa_restorer=0x7b5d23a45330}, NULL, 8) = 0
rt_sigaction(SIGFPE, {sa_handler=0x7b5d24703360, sa_mask=[], sa_flags=SA_RESTORER|SA_ONSTACK|SA_NODEFER|SA_SIGINFO, sa_restorer=0x7b5d23a45330}, NULL, 8) = 0
mmap(0x500000000000, 4398046519296, PROT_NONE, MAP_PRIVATE|MAP_FIXED|MAP_ANONYMOUS|MAP_NORESERVE, -1, 0) = 0x500000000000
mmap(0x540000000000, 8192, PROT_READ|PROT_WRITE, MAP_PRIVATE|MAP_FIXED|MAP_ANONYMOUS, -1, 0) = 0x540000000000
mmap(NULL, 8388608, PROT_NONE, MAP_PRIVATE|MAP_ANONYMOUS|MAP_NORESERVE, -1, 0) = 0x7b5d22000000
mmap(NULL, 57344, PROT_READ|PROT_WRITE, MAP_PRIVATE|MAP_ANONYMOUS, -1, 0) = 0x7b5d24498000
mmap(NULL, 4096, PROT_READ|PROT_WRITE, MAP_PRIVATE|MAP_ANONYMOUS, -1, 0) = 0x7b5d24d10000
getpid()                                = 71838
prlimit64(0, RLIMIT_STACK, NULL, {rlim_cur=8192*1024, rlim_max=RLIM64_INFINITY}) = 0
mmap(NULL, 4096, PROT_READ|PROT_WRITE, MAP_PRIVATE|MAP_ANONYMOUS, -1, 0) = 0x7b5d24d0f000
openat(AT_FDCWD, "/proc/self/maps", O_RDONLY) = 3
read(3, "7fff7000-8fff7000 rw-p 00000000 00:00 0 \n8fff7000-2008fff7000 ---p 00000000 00:00 0 \n2008fff7000-10007fff8000 rw-p 00000000 00:00 0 \n500000000000-540000000000 ---p 00000000 00:00 0 \n540000000000-540000002000 rw-p 00000000 00:00 0 \n55f4b9f5b000-55f4b9f79000 r--p 00000000 103:07 2241290                   /home/louise/BCIT/comp4985-internetworking/project-client/build/main\n55f4b9f79000-55f4b9f9b000 r-xp 0001e000 103:07 2241290                   /home/louise/BCIT/comp4985-internetworking/project-client/build/main\n55f4b9f9b000-55f4b9fa3000 r--p 00040000 103:07 2241290                   /home/louise/BCIT/comp4985-internetworking/project-client/build/main\n55f4b9fa3000-55f4b9fa4000 r--p 00048000 103:07 2241290                   /home/louise/BCIT/comp4985-internetworking/project-client/build/main\n55f4b9fa4000-55f4b9fc3000 rw-p 00049000 103:07 2241290                   /home/louise/BCIT/comp4985-internetworking/project-client/build/main\n55f4b9fc3000-55f4b9fc7000 rw-p 00000000 00:00 0 \n7b5d22000000-7b5d22800000 ---p 00000000 00:00 0 \n7b5d22800000-7b5d22900000 rw-p 00000000 00:00 0 \n7b5d22a00000-7b5d22b00000 rw-p 00000000 00:00 0 \n7b5d22c00000-7b5d22d00000 rw-p 00000000 00:00 0 \n7b5d22e00000-7b5d22f00000 rw-p 00000000 00:00 0 \n7b5d23000000-7b5d23100000 rw-p 00000000 00:00 0 \n7b5d23200000-7b5d2358e000 rw-p 00000000 00:00 0 \n7b5d23600000-7b5d2369d000 r--p 00000000 103:07 3803334                   /usr/lib/x86_64-linux-gnu/libstdc++.so.6.0.33\n7b5d2369d000-7b5d237e5000 r-xp 0009d000 103:07 3803334                   /usr/lib/x86_64-linux-gnu/libstdc++.so.6.0.33\n7b5d237e5000-7b5d2386c000 r--p 001e5000 103:07 3803334                   /usr/lib/x86_64-linux-gnu/libstdc++.so.6.0.33\n7b5d2386c000-7b5d23877000 r--p 0026b000 103:07 3803334                   /usr/lib/x86_64-linux-gnu/libstdc++.so.6.0.33\n7b5d23877000-7b5d2387a000 rw-p 00276000 103:07 3803334                   /usr/lib/x86_64-linux-gnu/libstdc++.so.6.0.33\n7b5d2387a000-7b5d2387e000 rw-p 00000000 00:00 0 \n7b5d23a00000-7b5d23a28000 r--p 00000000 103:07 3803652                   /usr/lib/x86_64-linux-gnu/libc.so.6\n7b5d23a28000-7b5d23bb0000 r-xp 00028000 103:07 3803652                   /usr/lib/x86_64-linux-gnu/libc.so.6\n7b5d23bb0000-7b5d23bff000 r--p 001b0000 103:07 3803652                   /usr/lib/x86_64-linux-gnu/libc.so.6\n7b5d23bff000-7b5d23c03000 r--p 001fe000 103:07 3803652                   /usr/lib/x86_64-linux-gnu/libc.so.6\n7b5d23c03000-7b5d23c05000 rw-p 00202000 103:07 3803652                   /usr/lib/x86_64-linux-gnu/libc.so.6\n7b5d23c05000-7b5d23c12000 rw-p 00000000 00:00 0 \n7b5d23e00000-7b5d23e07000 r--p 00000000 103:07 3809873                   /usr/lib/x86_64-linux-gnu/libubsan.so.1.0.0\n7b5d23e07000-7b5d23e58000 r-xp 00007000 103:07 3809873                   /usr/lib/x86_64-linux-gnu/libubsan.so.1.0.0\n7b5d23e58000-7b5d23e6f000 r--p 00058000 103:07 3809873                   /usr/lib/x86_64-linux-gnu/libubsan.so.1.0.0\n7b5d23e6f000-7b5d23e71000 r--p 0006e000 103:07 3809873                   /usr/lib/x86_64-linux-gnu/libubsan.so.1.0.0\n7b5d23e71000-7b5d23e74000 rw-p 00070000 103:07 3809873                   /usr/lib/x86_64-linux-gnu/libubsan.so.1.0.0\n7b5d23e74000-7b5d24416000 rw-p 00000000 00:00 0 \n7b5d24498000-7b5d244b5000 rw-p 00000000 00:00 0 \n7b5d244b5000-7b5d244b9000 r--p 00000000 103:07 3809847                   /usr/lib/x86_64-linux-gnu/libgcc_s.so.1\n7b5d244b9000-7b5d244dd000 r-xp 00004000 103:07 3809847                   /usr/lib/x86_64-linux-gnu/libgcc_s.so.1\n7b5d244dd000-7b5d244e1000 r--p 00028000 103:07 3809847                   /usr/lib/x86_64-linux-gnu/libgcc_s.so.1\n7b5d244e1000-7b5d244e2000 r--p 0002b000 103:07 3809847                   /usr/lib/x86_64-linux-gnu/libgcc_s.so.1\n7b5d244e2000-7b5d244e3000 rw-p 0002c000 103:07 3809847                   /usr/lib/x86_64-linux-gnu/libgcc_s.so.1\n7b5d244e3000-7b5d244f3000 r--p 00000000 103:07 3803655                   /usr/lib/x86_64-linux-gnu/libm.so.6\n7b5d244f3000-7b5d24572000 r-xp 00010000 103:07 3803655                   /usr/lib/x86_64-linux-gnu/libm.so.6\n", 4096) = 4037
read(3, "7b5d24572000-7b5d245ca000 r--p 0008f000 103:07 3803655     ", 59) = 59
close(3)                                = 0
munmap(0x7b5d24d0f000, 4096)            = 0
mmap(NULL, 8192, PROT_READ|PROT_WRITE, MAP_PRIVATE|MAP_ANONYMOUS, -1, 0) = 0x7b5d24d0e000
openat(AT_FDCWD, "/proc/self/maps", O_RDONLY) = 3
read(3, "7fff7000-8fff7000 rw-p 00000000 00:00 0 \n8fff7000-2008fff7000 ---p 00000000 00:00 0 \n2008fff7000-10007fff8000 rw-p 00000000 00:00 0 \n500000000000-540000000000 ---p 00000000 00:00 0 \n540000000000-540000002000 rw-p 00000000 00:00 0 \n55f4b9f5b000-55f4b9f79000 r--p 00000000 103:07 2241290                   /home/louise/BCIT/comp4985-internetworking/project-client/build/main\n55f4b9f79000-55f4b9f9b000 r-xp 0001e000 103:07 2241290                   /home/louise/BCIT/comp4985-internetworking/project-client/build/main\n55f4b9f9b000-55f4b9fa3000 r--p 00040000 103:07 2241290                   /home/louise/BCIT/comp4985-internetworking/project-client/build/main\n55f4b9fa3000-55f4b9fa4000 r--p 00048000 103:07 2241290                   /home/louise/BCIT/comp4985-internetworking/project-client/build/main\n55f4b9fa4000-55f4b9fc3000 rw-p 00049000 103:07 2241290                   /home/louise/BCIT/comp4985-internetworking/project-client/build/main\n55f4b9fc3000-55f4b9fc7000 rw-p 00000000 00:00 0 \n7b5d22000000-7b5d22800000 ---p 00000000 00:00 0 \n7b5d22800000-7b5d22900000 rw-p 00000000 00:00 0 \n7b5d22a00000-7b5d22b00000 rw-p 00000000 00:00 0 \n7b5d22c00000-7b5d22d00000 rw-p 00000000 00:00 0 \n7b5d22e00000-7b5d22f00000 rw-p 00000000 00:00 0 \n7b5d23000000-7b5d23100000 rw-p 00000000 00:00 0 \n7b5d23200000-7b5d2358e000 rw-p 00000000 00:00 0 \n7b5d23600000-7b5d2369d000 r--p 00000000 103:07 3803334                   /usr/lib/x86_64-linux-gnu/libstdc++.so.6.0.33\n7b5d2369d000-7b5d237e5000 r-xp 0009d000 103:07 3803334                   /usr/lib/x86_64-linux-gnu/libstdc++.so.6.0.33\n7b5d237e5000-7b5d2386c000 r--p 001e5000 103:07 3803334                   /usr/lib/x86_64-linux-gnu/libstdc++.so.6.0.33\n7b5d2386c000-7b5d23877000 r--p 0026b000 103:07 3803334                   /usr/lib/x86_64-linux-gnu/libstdc++.so.6.0.33\n7b5d23877000-7b5d2387a000 rw-p 00276000 103:07 3803334                   /usr/lib/x86_64-linux-gnu/libstdc++.so.6.0.33\n7b5d2387a000-7b5d2387e000 rw-p 00000000 00:00 0 \n7b5d23a00000-7b5d23a28000 r--p 00000000 103:07 3803652                   /usr/lib/x86_64-linux-gnu/libc.so.6\n7b5d23a28000-7b5d23bb0000 r-xp 00028000 103:07 3803652                   /usr/lib/x86_64-linux-gnu/libc.so.6\n7b5d23bb0000-7b5d23bff000 r--p 001b0000 103:07 3803652                   /usr/lib/x86_64-linux-gnu/libc.so.6\n7b5d23bff000-7b5d23c03000 r--p 001fe000 103:07 3803652                   /usr/lib/x86_64-linux-gnu/libc.so.6\n7b5d23c03000-7b5d23c05000 rw-p 00202000 103:07 3803652                   /usr/lib/x86_64-linux-gnu/libc.so.6\n7b5d23c05000-7b5d23c12000 rw-p 00000000 00:00 0 \n7b5d23e00000-7b5d23e07000 r--p 00000000 103:07 3809873                   /usr/lib/x86_64-linux-gnu/libubsan.so.1.0.0\n7b5d23e07000-7b5d23e58000 r-xp 00007000 103:07 3809873                   /usr/lib/x86_64-linux-gnu/libubsan.so.1.0.0\n7b5d23e58000-7b5d23e6f000 r--p 00058000 103:07 3809873                   /usr/lib/x86_64-linux-gnu/libubsan.so.1.0.0\n7b5d23e6f000-7b5d23e71000 r--p 0006e000 103:07 3809873                   /usr/lib/x86_64-linux-gnu/libubsan.so.1.0.0\n7b5d23e71000-7b5d23e74000 rw-p 00070000 103:07 3809873                   /usr/lib/x86_64-linux-gnu/libubsan.so.1.0.0\n7b5d23e74000-7b5d24416000 rw-p 00000000 00:00 0 \n7b5d24498000-7b5d244b5000 rw-p 00000000 00:00 0 \n7b5d244b5000-7b5d244b9000 r--p 00000000 103:07 3809847                   /usr/lib/x86_64-linux-gnu/libgcc_s.so.1\n7b5d244b9000-7b5d244dd000 r-xp 00004000 103:07 3809847                   /usr/lib/x86_64-linux-gnu/libgcc_s.so.1\n7b5d244dd000-7b5d244e1000 r--p 00028000 103:07 3809847                   /usr/lib/x86_64-linux-gnu/libgcc_s.so.1\n7b5d244e1000-7b5d244e2000 r--p 0002b000 103:07 3809847                   /usr/lib/x86_64-linux-gnu/libgcc_s.so.1\n7b5d244e2000-7b5d244e3000 rw-p 0002c000 103:07 3809847                   /usr/lib/x86_64-linux-gnu/libgcc_s.so.1\n7b5d244e3000-7b5d244f3000 r--p 00000000 103:07 3803655                   /usr/lib/x86_64-linux-gnu/libm.so.6\n7b5d244f3000-7b5d24572000 r-xp 00010000 103:07 3803655                   /usr/lib/x86_64-linux-gnu/libm.so.6\n", 8192) = 4037
read(3, "7b5d24572000-7b5d245ca000 r--p 0008f000 103:07 3803655                   /usr/lib/x86_64-linux-gnu/libm.so.6\n7b5d245ca000-7b5d245cb000 r--p 000e7000 103:07 3803655                   /usr/lib/x86_64-linux-gnu/libm.so.6\n7b5d245cb000-7b5d245cc000 rw-p 000e8000 103:07 3803655                   /usr/lib/x86_64-linux-gnu/libm.so.6\n7b5d245cc000-7b5d245da000 r--p 00000000 103:07 3817102                   /usr/lib/x86_64-linux-gnu/libtinfo.so.6.4\n7b5d245da000-7b5d245ed000 r-xp 0000e000 103:07 3817102                   /usr/lib/x86_64-linux-gnu/libtinfo.so.6.4\n7b5d245ed000-7b5d245fb000 r--p 00021000 103:07 3817102                   /usr/lib/x86_64-linux-gnu/libtinfo.so.6.4\n7b5d245fb000-7b5d245ff000 r--p 0002e000 103:07 3817102                   /usr/lib/x86_64-linux-gnu/libtinfo.so.6.4\n7b5d245ff000-7b5d24600000 rw-p 00032000 103:07 3817102                   /usr/lib/x86_64-linux-gnu/libtinfo.so.6.4\n7b5d24600000-7b5d24636000 r--p 00000000 103:07 3815333                   /usr/lib/x86_64-linux-gnu/libasan.so.8.0.0\n7b5d24636000-7b5d2475c000 r-xp 00036000 103:07 3815333                   /usr/lib/x86_64-linux-gnu/libasan.so.8.0.0\n7b5d2475c000-7b5d24795000 r--p 0015c000 103:07 3815333                   /usr/lib/x86_64-linux-gnu/libasan.so.8.0.0\n7b5d24795000-7b5d24799000 r--p 00194000 103:07 3815333                   /usr/lib/x86_64-linux-gnu/libasan.so.8.0.0\n7b5d24799000-7b5d2479d000 rw-p 00198000 103:07 3815333                   /usr/lib/x86_64-linux-gnu/libasan.so.8.0.0\n7b5d2479d000-7b5d24cd1000 rw-p 00000000 00:00 0 \n7b5d24cda000-7b5d24ce1000 rw-p 00000000 00:00 0 \n7b5d24ce1000-7b5d24ce8000 r--p 00000000 103:07 3816871                   /usr/lib/x86_64-linux-gnu/libncurses.so.6.4\n7b5d24ce8000-7b5d24d03000 r-xp 00007000 103:07 3816871                   /usr/lib/x86_64-linux-gnu/libncurses.so.6.4\n7b5d24d03000-7b5d24d08000 r--p 00022000 103:07 3816871                   /usr/lib/x86_64-linux-gnu/libncurses.so.6.4\n7b5d24d08000-7b5d24d09000 r--p 00027000 103:07 3816871                   /usr/lib/x86_64-linux-gnu/libncurses.so.6.4\n7b5d24d09000-7b5d24d0a000 rw-p 00028000 103:07 3816871                   /usr/lib/x86_64-linux-gnu/libncurses.so.6.4\n7b5d24d0e000-7b5d24d29000 rw-p 00000000 00:00 0 \n7b5d24d29000-7b5d24d2a000 r--p 00000000 103:07 3803649                   /usr/lib/x86_64-linux-gnu/ld-linux-x86-64.so.2\n7b5d24d2a000-7b5d24d55000 r-xp 00001000 103:07 3803649                   /usr/lib/x86_64-linux-gnu/ld-linux-x86-64.so.2\n7b5d24d55000-7b5d24d5f000 r--p 0002c000 103:07 3803649                   /usr/lib/x86_64-linux-gnu/ld-linux-x86-64.so.2\n7b5d24d5f000-7b5d24d61000 r--p 00036000 103:07 3803649                   /usr/lib/x86_64-linux-gnu/ld-linux-x86-64.so.2\n7b5d24d61000-7b5d24d63000 rw-p 00038000 103:07 3803649                   /usr/lib/x86_64-linux-gnu/ld-linux-x86-64.so.2\n7ffc1bd8d000-7ffc1bdae000 rw-p 00000000 00:00 0                          [stack]\n7ffc1bde5000-7ffc1bde9000 r--p 00000000 00:00 0                          [vvar]\n7ffc1bde9000-7ffc1bdeb000 r-xp 00000000 00:00 0                          [vdso]\nffffffffff600000-ffffffffff601000 --xp 00000000 00:00 0                  [vsyscall]\n", 4155) = 3139
read(3, "", 1016)                       = 0
close(3)                                = 0
munmap(0x7b5d24d11000, 8192)            = 0
mmap(NULL, 4096, PROT_READ|PROT_WRITE, MAP_PRIVATE|MAP_ANONYMOUS, -1, 0) = 0x7b5d24d12000
openat(AT_FDCWD, "/proc/self/maps", O_RDONLY) = 3
read(3, "7fff7000-8fff7000 rw-p 00000000 00:00 0 \n8fff7000-2008fff7000 ---p 00000000 00:00 0 \n2008fff7000-10007fff8000 rw-p 00000000 00:00 0 \n500000000000-540000000000 ---p 00000000 00:00 0 \n540000000000-540000002000 rw-p 00000000 00:00 0 \n55f4b9f5b000-55f4b9f79000 r--p 00000000 103:07 2241290                   /home/louise/BCIT/comp4985-internetworking/project-client/build/main\n55f4b9f79000-55f4b9f9b000 r-xp 0001e000 103:07 2241290                   /home/louise/BCIT/comp4985-internetworking/project-client/build/main\n55f4b9f9b000-55f4b9fa3000 r--p 00040000 103:07 2241290                   /home/louise/BCIT/comp4985-internetworking/project-client/build/main\n55f4b9fa3000-55f4b9fa4000 r--p 00048000 103:07 2241290                   /home/louise/BCIT/comp4985-internetworking/project-client/build/main\n55f4b9fa4000-55f4b9fc3000 rw-p 00049000 103:07 2241290                   /home/louise/BCIT/comp4985-internetworking/project-client/build/main\n55f4b9fc3000-55f4b9fc7000 rw-p 00000000 00:00 0 \n7b5d22000000-7b5d22800000 ---p 00000000 00:00 0 \n7b5d22800000-7b5d22900000 rw-p 00000000 00:00 0 \n7b5d22a00000-7b5d22b00000 rw-p 00000000 00:00 0 \n7b5d22c00000-7b5d22d00000 rw-p 00000000 00:00 0 \n7b5d22e00000-7b5d22f00000 rw-p 00000000 00:00 0 \n7b5d23000000-7b5d23100000 rw-p 00000000 00:00 0 \n7b5d23200000-7b5d2358e000 rw-p 00000000 00:00 0 \n7b5d23600000-7b5d2369d000 r--p 00000000 103:07 3803334                   /usr/lib/x86_64-linux-gnu/libstdc++.so.6.0.33\n7b5d2369d000-7b5d237e5000 r-xp 0009d000 103:07 3803334                   /usr/lib/x86_64-linux-gnu/libstdc++.so.6.0.33\n7b5d237e5000-7b5d2386c000 r--p 001e5000 103:07 3803334                   /usr/lib/x86_64-linux-gnu/libstdc++.so.6.0.33\n7b5d2386c000-7b5d23877000 r--p 0026b000 103:07 3803334                   /usr/lib/x86_64-linux-gnu/libstdc++.so.6.0.33\n7b5d23877000-7b5d2387a000 rw-p 00276000 103:07 3803334                   /usr/lib/x86_64-linux-gnu/libstdc++.so.6.0.33\n7b5d2387a000-7b5d2387e000 rw-p 00000000 00:00 0 \n7b5d23a00000-7b5d23a28000 r--p 00000000 103:07 3803652                   /usr/lib/x86_64-linux-gnu/libc.so.6\n7b5d23a28000-7b5d23bb0000 r-xp 00028000 103:07 3803652                   /usr/lib/x86_64-linux-gnu/libc.so.6\n7b5d23bb0000-7b5d23bff000 r--p 001b0000 103:07 3803652                   /usr/lib/x86_64-linux-gnu/libc.so.6\n7b5d23bff000-7b5d23c03000 r--p 001fe000 103:07 3803652                   /usr/lib/x86_64-linux-gnu/libc.so.6\n7b5d23c03000-7b5d23c05000 rw-p 00202000 103:07 3803652                   /usr/lib/x86_64-linux-gnu/libc.so.6\n7b5d23c05000-7b5d23c12000 rw-p 00000000 00:00 0 \n7b5d23e00000-7b5d23e07000 r--p 00000000 103:07 3809873                   /usr/lib/x86_64-linux-gnu/libubsan.so.1.0.0\n7b5d23e07000-7b5d23e58000 r-xp 00007000 103:07 3809873                   /usr/lib/x86_64-linux-gnu/libubsan.so.1.0.0\n7b5d23e58000-7b5d23e6f000 r--p 00058000 103:07 3809873                   /usr/lib/x86_64-linux-gnu/libubsan.so.1.0.0\n7b5d23e6f000-7b5d23e71000 r--p 0006e000 103:07 3809873                   /usr/lib/x86_64-linux-gnu/libubsan.so.1.0.0\n7b5d23e71000-7b5d23e74000 rw-p 00070000 103:07 3809873                   /usr/lib/x86_64-linux-gnu/libubsan.so.1.0.0\n7b5d23e74000-7b5d24416000 rw-p 00000000 00:00 0 \n7b5d24498000-7b5d244b5000 rw-p 00000000 00:00 0 \n7b5d244b5000-7b5d244b9000 r--p 00000000 103:07 3809847                   /usr/lib/x86_64-linux-gnu/libgcc_s.so.1\n7b5d244b9000-7b5d244dd000 r-xp 00004000 103:07 3809847                   /usr/lib/x86_64-linux-gnu/libgcc_s.so.1\n7b5d244dd000-7b5d244e1000 r--p 00028000 103:07 3809847                   /usr/lib/x86_64-linux-gnu/libgcc_s.so.1\n7b5d244e1000-7b5d244e2000 r--p 0002b000 103:07 3809847                   /usr/lib/x86_64-linux-gnu/libgcc_s.so.1\n7b5d244e2000-7b5d244e3000 rw-p 0002c000 103:07 3809847                   /usr/lib/x86_64-linux-gnu/libgcc_s.so.1\n7b5d244e3000-7b5d244f3000 r--p 00000000 103:07 3803655                   /usr/lib/x86_64-linux-gnu/libm.so.6\n7b5d244f3000-7b5d24572000 r-xp 00010000 103:07 3803655                   /usr/lib/x86_64-linux-gnu/libm.so.6\n", 4096) = 4037
read(3, "7b5d24572000-7b5d245ca000 r--p 0008f000 103:07 3803655     ", 59) = 59
close(3)                                = 0
munmap(0x7b5d24d12000, 4096)            = 0
mmap(NULL, 8192, PROT_READ|PROT_WRITE, MAP_PRIVATE|MAP_ANONYMOUS, -1, 0) = 0x7b5d24d11000
openat(AT_FDCWD, "/proc/self/maps", O_RDONLY) = 3
read(3, "7fff7000-8fff7000 rw-p 00000000 00:00 0 \n8fff7000-2008fff7000 ---p 00000000 00:00 0 \n2008fff7000-10007fff8000 rw-p 00000000 00:00 0 \n500000000000-540000000000 ---p 00000000 00:00 0 \n540000000000-540000002000 rw-p 00000000 00:00 0 \n55f4b9f5b000-55f4b9f79000 r--p 00000000 103:07 2241290                   /home/louise/BCIT/comp4985-internetworking/project-client/build/main\n55f4b9f79000-55f4b9f9b000 r-xp 0001e000 103:07 2241290                   /home/louise/BCIT/comp4985-internetworking/project-client/build/main\n55f4b9f9b000-55f4b9fa3000 r--p 00040000 103:07 2241290                   /home/louise/BCIT/comp4985-internetworking/project-client/build/main\n55f4b9fa3000-55f4b9fa4000 r--p 00048000 103:07 2241290                   /home/louise/BCIT/comp4985-internetworking/project-client/build/main\n55f4b9fa4000-55f4b9fc3000 rw-p 00049000 103:07 2241290                   /home/louise/BCIT/comp4985-internetworking/project-client/build/main\n55f4b9fc3000-55f4b9fc7000 rw-p 00000000 00:00 0 \n7b5d22000000-7b5d22800000 ---p 00000000 00:00 0 \n7b5d22800000-7b5d22900000 rw-p 00000000 00:00 0 \n7b5d22a00000-7b5d22b00000 rw-p 00000000 00:00 0 \n7b5d22c00000-7b5d22d00000 rw-p 00000000 00:00 0 \n7b5d22e00000-7b5d22f00000 rw-p 00000000 00:00 0 \n7b5d23000000-7b5d23100000 rw-p 00000000 00:00 0 \n7b5d23200000-7b5d2358e000 rw-p 00000000 00:00 0 \n7b5d23600000-7b5d2369d000 r--p 00000000 103:07 3803334                   /usr/lib/x86_64-linux-gnu/libstdc++.so.6.0.33\n7b5d2369d000-7b5d237e5000 r-xp 0009d000 103:07 3803334                   /usr/lib/x86_64-linux-gnu/libstdc++.so.6.0.33\n7b5d237e5000-7b5d2386c000 r--p 001e5000 103:07 3803334                   /usr/lib/x86_64-linux-gnu/libstdc++.so.6.0.33\n7b5d2386c000-7b5d23877000 r--p 0026b000 103:07 3803334                   /usr/lib/x86_64-linux-gnu/libstdc++.so.6.0.33\n7b5d23877000-7b5d2387a000 rw-p 00276000 103:07 3803334                   /usr/lib/x86_64-linux-gnu/libstdc++.so.6.0.33\n7b5d2387a000-7b5d2387e000 rw-p 00000000 00:00 0 \n7b5d23a00000-7b5d23a28000 r--p 00000000 103:07 3803652                   /usr/lib/x86_64-linux-gnu/libc.so.6\n7b5d23a28000-7b5d23bb0000 r-xp 00028000 103:07 3803652                   /usr/lib/x86_64-linux-gnu/libc.so.6\n7b5d23bb0000-7b5d23bff000 r--p 001b0000 103:07 3803652                   /usr/lib/x86_64-linux-gnu/libc.so.6\n7b5d23bff000-7b5d23c03000 r--p 001fe000 103:07 3803652                   /usr/lib/x86_64-linux-gnu/libc.so.6\n7b5d23c03000-7b5d23c05000 rw-p 00202000 103:07 3803652                   /usr/lib/x86_64-linux-gnu/libc.so.6\n7b5d23c05000-7b5d23c12000 rw-p 00000000 00:00 0 \n7b5d23e00000-7b5d23e07000 r--p 00000000 103:07 3809873                   /usr/lib/x86_64-linux-gnu/libubsan.so.1.0.0\n7b5d23e07000-7b5d23e58000 r-xp 00007000 103:07 3809873                   /usr/lib/x86_64-linux-gnu/libubsan.so.1.0.0\n7b5d23e58000-7b5d23e6f000 r--p 00058000 103:07 3809873                   /usr/lib/x86_64-linux-gnu/libubsan.so.1.0.0\n7b5d23e6f000-7b5d23e71000 r--p 0006e000 103:07 3809873                   /usr/lib/x86_64-linux-gnu/libubsan.so.1.0.0\n7b5d23e71000-7b5d23e74000 rw-p 00070000 103:07 3809873                   /usr/lib/x86_64-linux-gnu/libubsan.so.1.0.0\n7b5d23e74000-7b5d24416000 rw-p 00000000 00:00 0 \n7b5d24498000-7b5d244b5000 rw-p 00000000 00:00 0 \n7b5d244b5000-7b5d244b9000 r--p 00000000 103:07 3809847                   /usr/lib/x86_64-linux-gnu/libgcc_s.so.1\n7b5d244b9000-7b5d244dd000 r-xp 00004000 103:07 3809847                   /usr/lib/x86_64-linux-gnu/libgcc_s.so.1\n7b5d244dd000-7b5d244e1000 r--p 00028000 103:07 3809847                   /usr/lib/x86_64-linux-gnu/libgcc_s.so.1\n7b5d244e1000-7b5d244e2000 r--p 0002b000 103:07 3809847                   /usr/lib/x86_64-linux-gnu/libgcc_s.so.1\n7b5d244e2000-7b5d244e3000 rw-p 0002c000 103:07 3809847                   /usr/lib/x86_64-linux-gnu/libgcc_s.so.1\n7b5d244e3000-7b5d244f3000 r--p 00000000 103:07 3803655                   /usr/lib/x86_64-linux-gnu/libm.so.6\n7b5d244f3000-7b5d24572000 r-xp 00010000 103:07 3803655                   /usr/lib/x86_64-linux-gnu/libm.so.6\n", 8192) = 4037
read(3, "7b5d24572000-7b5d245ca000 r--p 0008f000 103:07 3803655                   /usr/lib/x86_64-linux-gnu/libm.so.6\n7b5d245ca000-7b5d245cb000 r--p 000e7000 103:07 3803655                   /usr/lib/x86_64-linux-gnu/libm.so.6\n7b5d245cb000-7b5d245cc000 rw-p 000e8000 103:07 3803655                   /usr/lib/x86_64-linux-gnu/libm.so.6\n7b5d245cc000-7b5d245da000 r--p 00000000 103:07 3817102                   /usr/lib/x86_64-linux-gnu/libtinfo.so.6.4\n7b5d245da000-7b5d245ed000 r-xp 0000e000 103:07 3817102                   /usr/lib/x86_64-linux-gnu/libtinfo.so.6.4\n7b5d245ed000-7b5d245fb000 r--p 00021000 103:07 3817102                   /usr/lib/x86_64-linux-gnu/libtinfo.so.6.4\n7b5d245fb000-7b5d245ff000 r--p 0002e000 103:07 3817102                   /usr/lib/x86_64-linux-gnu/libtinfo.so.6.4\n7b5d245ff000-7b5d24600000 rw-p 00032000 103:07 3817102                   /usr/lib/x86_64-linux-gnu/libtinfo.so.6.4\n7b5d24600000-7b5d24636000 r--p 00000000 103:07 3815333                   /usr/lib/x86_64-linux-gnu/libasan.so.8.0.0\n7b5d24636000-7b5d2475c000 r-xp 00036000 103:07 3815333                   /usr/lib/x86_64-linux-gnu/libasan.so.8.0.0\n7b5d2475c000-7b5d24795000 r--p 0015c000 103:07 3815333                   /usr/lib/x86_64-linux-gnu/libasan.so.8.0.0\n7b5d24795000-7b5d24799000 r--p 00194000 103:07 3815333                   /usr/lib/x86_64-linux-gnu/libasan.so.8.0.0\n7b5d24799000-7b5d2479d000 rw-p 00198000 103:07 3815333                   /usr/lib/x86_64-linux-gnu/libasan.so.8.0.0\n7b5d2479d000-7b5d24cd1000 rw-p 00000000 00:00 0 \n7b5d24cda000-7b5d24ce1000 rw-p 00000000 00:00 0 \n7b5d24ce1000-7b5d24ce8000 r--p 00000000 103:07 3816871                   /usr/lib/x86_64-linux-gnu/libncurses.so.6.4\n7b5d24ce8000-7b5d24d03000 r-xp 00007000 103:07 3816871                   /usr/lib/x86_64-linux-gnu/libncurses.so.6.4\n7b5d24d03000-7b5d24d08000 r--p 00022000 103:07 3816871                   /usr/lib/x86_64-linux-gnu/libncurses.so.6.4\n7b5d24d08000-7b5d24d09000 r--p 00027000 103:07 3816871                   /usr/lib/x86_64-linux-gnu/libncurses.so.6.4\n7b5d24d09000-7b5d24d0a000 rw-p 00028000 103:07 3816871                   /usr/lib/x86_64-linux-gnu/libncurses.so.6.4\n7b5d24d0e000-7b5d24d29000 rw-p 00000000 00:00 0 \n7b5d24d29000-7b5d24d2a000 r--p 00000000 103:07 3803649                   /usr/lib/x86_64-linux-gnu/ld-linux-x86-64.so.2\n7b5d24d2a000-7b5d24d55000 r-xp 00001000 103:07 3803649                   /usr/lib/x86_64-linux-gnu/ld-linux-x86-64.so.2\n7b5d24d55000-7b5d24d5f000 r--p 0002c000 103:07 3803649                   /usr/lib/x86_64-linux-gnu/ld-linux-x86-64.so.2\n7b5d24d5f000-7b5d24d61000 r--p 00036000 103:07 3803649                   /usr/lib/x86_64-linux-gnu/ld-linux-x86-64.so.2\n7b5d24d61000-7b5d24d63000 rw-p 00038000 103:07 3803649                   /usr/lib/x86_64-linux-gnu/ld-linux-x86-64.so.2\n7ffc1bd8d000-7ffc1bdae000 rw-p 00000000 00:00 0                          [stack]\n7ffc1bde5000-7ffc1bde9000 r--p 00000000 00:00 0                          [vvar]\n7ffc1bde9000-7ffc1bdeb000 r-xp 00000000 00:00 0                          [vdso]\nffffffffff600000-ffffffffff601000 --xp 00000000 00:00 0                  [vsyscall]\n", 4155) = 3139
read(3, "", 1016)                       = 0
close(3)                                = 0
munmap(0x7b5d24d11000, 8192)            = 0
mmap(0x1000036ae000, 1044480, PROT_READ|PROT_WRITE, MAP_PRIVATE|MAP_FIXED|MAP_ANONYMOUS|MAP_NORESERVE, -1, 0) = 0x1000036ae000
madvise(0x1000036ae000, 1044480, MADV_NOHUGEPAGE) = 0
madvise(0x1000036ae000, 1044480, MADV_DONTDUMP) = 0
mmap(NULL, 11571200, PROT_READ|PROT_WRITE, MAP_PRIVATE|MAP_ANONYMOUS, -1, 0) = 0x7b5d21400000
mmap(NULL, 4096, PROT_READ|PROT_WRITE, MAP_PRIVATE|MAP_ANONYMOUS, -1, 0) = 0x7b5d24d12000
sigaltstack(NULL, {ss_sp=0x7b5d244a6000, ss_flags=0, ss_size=58112}) = 0
mmap(NULL, 1703936, PROT_READ|PROT_WRITE, MAP_PRIVATE|MAP_ANONYMOUS, -1, 0) = 0x7b5d23c60000
mmap(NULL, 4096, PROT_READ|PROT_WRITE, MAP_PRIVATE|MAP_ANONYMOUS, -1, 0) = 0x7b5d24d11000
mmap(NULL, 2097152, PROT_READ|PROT_WRITE, MAP_PRIVATE|MAP_ANONYMOUS, -1, 0) = 0x7b5d21200000
munmap(0x7b5d21300000, 1048576)         = 0
munmap(0x7b5d24d11000, 4096)            = 0
mmap(NULL, 2097152, PROT_READ|PROT_WRITE, MAP_PRIVATE|MAP_ANONYMOUS, -1, 0) = 0x7b5d21000000
munmap(0x7b5d21100000, 1048576)         = 0
mmap(NULL, 2097152, PROT_READ|PROT_WRITE, MAP_PRIVATE|MAP_ANONYMOUS, -1, 0) = 0x7b5d20e00000
munmap(0x7b5d20f00000, 1048576)         = 0
mmap(NULL, 4096, PROT_READ|PROT_WRITE, MAP_PRIVATE|MAP_ANONYMOUS, -1, 0) = 0x7b5d24d11000
mmap(NULL, 65536, PROT_READ|PROT_WRITE, MAP_PRIVATE|MAP_ANONYMOUS, -1, 0) = 0x7b5d24488000
mmap(NULL, 8192, PROT_READ|PROT_WRITE, MAP_PRIVATE|MAP_ANONYMOUS, -1, 0) = 0x7b5d24d0c000
clock_gettime(CLOCK_MONOTONIC, {tv_sec=17251, tv_nsec=579868205}) = 0
mmap(0x507000000000, 65536, PROT_READ|PROT_WRITE, MAP_PRIVATE|MAP_FIXED|MAP_ANONYMOUS, -1, 0) = 0x507000000000
mmap(0x507e00000000, 65536, PROT_READ|PROT_WRITE, MAP_PRIVATE|MAP_FIXED|MAP_ANONYMOUS, -1, 0) = 0x507e00000000
mmap(NULL, 1048576, PROT_READ|PROT_WRITE, MAP_PRIVATE|MAP_ANONYMOUS, -1, 0) = 0x7b5d23900000
mmap(NULL, 8388608, PROT_READ|PROT_WRITE, MAP_PRIVATE|MAP_ANONYMOUS|MAP_NORESERVE, -1, 0) = 0x7b5d20600000
clock_gettime(CLOCK_MONOTONIC, {tv_sec=17251, tv_nsec=580485231}) = 0
mmap(0x503000000000, 65536, PROT_READ|PROT_WRITE, MAP_PRIVATE|MAP_FIXED|MAP_ANONYMOUS, -1, 0) = 0x503000000000
mmap(0x503e00000000, 65536, PROT_READ|PROT_WRITE, MAP_PRIVATE|MAP_FIXED|MAP_ANONYMOUS, -1, 0) = 0x503e00000000
mmap(NULL, 458752, PROT_READ|PROT_WRITE, MAP_PRIVATE|MAP_ANONYMOUS, -1, 0) = 0x7b5d24418000
mmap(0x7b5d22000000, 131072, PROT_READ|PROT_WRITE, MAP_PRIVATE|MAP_FIXED|MAP_ANONYMOUS, -1, 0) = 0x7b5d22000000
rt_sigaction(SIGPROF, {sa_handler=0x7b5d23b2d3c0, sa_mask=~[], sa_flags=SA_RESTORER|SA_RESTART|SA_SIGINFO, sa_restorer=0x7b5d23a45330}, {sa_handler=SIG_DFL, sa_mask=[], sa_flags=0}, 8) = 0
setitimer(ITIMER_PROF, {it_interval={tv_sec=0, tv_usec=10000}, it_value={tv_sec=0, tv_usec=10000}}, {it_interval={tv_sec=0, tv_usec=0}, it_value={tv_sec=0, tv_usec=0}}) = 0
futex(0x7b5d2387a7bc, FUTEX_WAKE_PRIVATE, 2147483647) = 0
mmap(0x531000000000, 131072, PROT_READ|PROT_WRITE, MAP_PRIVATE|MAP_FIXED|MAP_ANONYMOUS, -1, 0) = 0x531000000000
mmap(0x531e00000000, 65536, PROT_READ|PROT_WRITE, MAP_PRIVATE|MAP_FIXED|MAP_ANONYMOUS, -1, 0) = 0x531e00000000
mmap(NULL, 4096, PROT_READ|PROT_WRITE, MAP_PRIVATE|MAP_ANONYMOUS, -1, 0) = 0x7b5d24d0b000
socket(AF_INET, SOCK_STREAM, IPPROTO_IP) = 3
connect(3, {sa_family=AF_INET, sin_port=htons(8000), sin_addr=inet_addr("192.168.0.172")}, 16) = 0
rt_sigaction(SIGINT, {sa_handler=0x55f4b9f7a306, sa_mask=[INT], sa_flags=SA_RESTORER|SA_RESTART, sa_restorer=0x7b5d23a45330}, {sa_handler=SIG_DFL, sa_mask=[], sa_flags=0}, 8) = 0
mmap(0x502000000000, 65536, PROT_READ|PROT_WRITE, MAP_PRIVATE|MAP_FIXED|MAP_ANONYMOUS, -1, 0) = 0x502000000000
mmap(0x502e00000000, 65536, PROT_READ|PROT_WRITE, MAP_PRIVATE|MAP_FIXED|MAP_ANONYMOUS, -1, 0) = 0x502e00000000
mmap(0x51b000000000, 65536, PROT_READ|PROT_WRITE, MAP_PRIVATE|MAP_FIXED|MAP_ANONYMOUS, -1, 0) = 0x51b000000000
mmap(0x51be00000000, 65536, PROT_READ|PROT_WRITE, MAP_PRIVATE|MAP_FIXED|MAP_ANONYMOUS, -1, 0) = 0x51be00000000
ioctl(1, TCGETS, {c_iflag=ICRNL|IXON|IUTF8, c_oflag=NL0|CR0|TAB0|BS0|VT0|FF0|OPOST|ONLCR, c_cflag=B38400|CS8|CREAD, c_lflag=ISIG|ICANON|ECHO|ECHOE|ECHOK|IEXTEN|ECHOCTL|ECHOKE, ...}) = 0
mmap(0x517000000000, 65536, PROT_READ|PROT_WRITE, MAP_PRIVATE|MAP_FIXED|MAP_ANONYMOUS, -1, 0) = 0x517000000000
mmap(0x517e00000000, 65536, PROT_READ|PROT_WRITE, MAP_PRIVATE|MAP_FIXED|MAP_ANONYMOUS, -1, 0) = 0x517e00000000
mmap(0x508000000000, 65536, PROT_READ|PROT_WRITE, MAP_PRIVATE|MAP_FIXED|MAP_ANONYMOUS, -1, 0) = 0x508000000000
mmap(0x508e00000000, 65536, PROT_READ|PROT_WRITE, MAP_PRIVATE|MAP_FIXED|MAP_ANONYMOUS, -1, 0) = 0x508e00000000
mmap(0x504000000000, 65536, PROT_READ|PROT_WRITE, MAP_PRIVATE|MAP_FIXED|MAP_ANONYMOUS, -1, 0) = 0x504000000000
mmap(0x504e00000000, 65536, PROT_READ|PROT_WRITE, MAP_PRIVATE|MAP_FIXED|MAP_ANONYMOUS, -1, 0) = 0x504e00000000
mmap(0x518000000000, 65536, PROT_READ|PROT_WRITE, MAP_PRIVATE|MAP_FIXED|MAP_ANONYMOUS, -1, 0) = 0x518000000000
mmap(0x518e00000000, 65536, PROT_READ|PROT_WRITE, MAP_PRIVATE|MAP_FIXED|MAP_ANONYMOUS, -1, 0) = 0x518e00000000
newfstatat(AT_FDCWD, "/home/louise/.terminfo", 0x518000000080, 0) = -1 ENOENT (No such file or directory)
newfstatat(AT_FDCWD, "/etc/terminfo", {st_mode=S_IFDIR|0755, st_size=4096, ...}, 0) = 0
newfstatat(AT_FDCWD, "/lib/terminfo", 0x518000000110, 0) = -1 ENOENT (No such file or directory)
newfstatat(AT_FDCWD, "/usr/share/terminfo", {st_mode=S_IFDIR|0755, st_size=4096, ...}, 0) = 0
mmap(0x524000000000, 65536, PROT_READ|PROT_WRITE, MAP_PRIVATE|MAP_FIXED|MAP_ANONYMOUS, -1, 0) = 0x524000000000
mmap(0x524e00000000, 65536, PROT_READ|PROT_WRITE, MAP_PRIVATE|MAP_FIXED|MAP_ANONYMOUS, -1, 0) = 0x524e00000000
access("/etc/terminfo/x/xterm-256color", R_OK) = -1 ENOENT (No such file or directory)
access("/usr/share/terminfo/x/xterm-256color", R_OK) = 0
getuid()                                = 1000
setfsuid(1000)                          = 1000
getgid()                                = 1000
setfsgid(1000)                          = 1000
mmap(0x515000000000, 65536, PROT_READ|PROT_WRITE, MAP_PRIVATE|MAP_FIXED|MAP_ANONYMOUS, -1, 0) = 0x515000000000
mmap(0x515e00000000, 65536, PROT_READ|PROT_WRITE, MAP_PRIVATE|MAP_FIXED|MAP_ANONYMOUS, -1, 0) = 0x515e00000000
openat(AT_FDCWD, "/usr/share/terminfo/x/xterm-256color", O_RDONLY) = 4
geteuid()                               = 1000
setfsuid(1000)                          = 1000
getegid()                               = 1000
setfsgid(1000)                          = 1000
fstat(4, {st_mode=S_IFREG|0644, st_size=4071, ...}) = 0
mmap(0x521000000000, 65536, PROT_READ|PROT_WRITE, MAP_PRIVATE|MAP_FIXED|MAP_ANONYMOUS, -1, 0) = 0x521000000000
mmap(0x521e00000000, 65536, PROT_READ|PROT_WRITE, MAP_PRIVATE|MAP_FIXED|MAP_ANONYMOUS, -1, 0) = 0x521e00000000
read(4, "\36\2%\0&\0\17\0\235\1Z\6xterm-256color|xterm with 256 colors\0\0\1\0\0\1\0\0\0\1\0\0\0\0\1\1\0\0\0\0\0\0\0\1\0\0\1\0\1\1\0\0\0\0\0\0\0\0\1\0P\0\0\0\10\0\0\0\30\0\0\0\377\377\377\377\377\377\377\377\377\377\377\377\377\377\377\377\377\377\377\377\377\377\377\377\377\377\377\377\377\377\377\377\377\377\377\377\377\377\377\377\0\1\0\0\0\0\1\0\0\0\4\0\6\0\10\0\31\0\36\0&\0*\0.\0\377\3779\0J\0L\0P\0W\0\377\377Y\0f\0\377\377j\0n\0x\0|\0\377\377\377\377\200\0\204\0\211\0\216\0\377\377\240\0\245\0\252\0\377\377\257\0\264\0\271\0\276\0\307\0\313\0\322\0\377\377\344\0\351\0\357\0\365\0\377\377\377\377\377\377\7\1\377\377\377\377\377\377\31\1\377\377\35\1\377\377\377\377\377\377\37\1\377\377$\1\377\377\377\377\377\377\377\377(\1,\0012\0016\1:\1>\1D\1J\1P\1V\1\\\1`\1\377\377e\1\377\377i\1n\1s\1w\1~\1\377\377\205\1\211\1\221\1\377\377\377\377\377\377\377\377\377\377\377\377\377\377\377\377\377\377\377\377\377\377\231\1\242\1\253\1\377\377\256\1\267\1\300\1\311\1\322\1\333\1\344\1\355\1\366\1\377\1\377\377\377\377\377\377\10\2\f\2\21\2\26\2*\0023\2\377\377\377\377E\2H\2S\2V\2X\2[\2\270\2\377\377\273\2\377\377\377\377\377\377\377\377\275\2\301\2\305\2\311\2\315\2\377\377\377\377\321\2\377\377\6\3\377\377\377\377\n\3\20\3\377\377\377\377\377\377\377\377\377\377\26\3\377\377\377\377\377\377\377\377\377\377\32\3\36\3\377\377\377\377\377\377\377\377\377\377\377\377\377\377\377\377\377\377\377\377\377\377\377\377\377\377\377\377\377\377\377\377\377\377\377\377\377\377\377\377\377\377\377\377\377\377\377\377\377\377\"\3\377\377\377\377)\3\377\377\377\377\377\377\377\3770\0037\3>\3\377\377\377\377E\3\377\377L\3\377\377\377\377\377\377S\3\377\377\377\377\377\377\377\377\377\377Z\3`\3f\3m\3t\3{\3\202\3\212\3\222\3\232\3\242\3\252\3\262\3\272\3\302\3\311\3\320\3\327\3\336\3\346\3\356\3\366\3\376\3\6\4\16\4\26\4\36\4%\4,\0043\4:\4B\4J\4R\4Z\4b\4j\4r\4z\4\201\4\210\4\217\4\226\4\236\4\246\4\256\4\266\4\276\4\306\4\316\4\326\4\335\4\344\4\353\4\360\4\377\377\377\377\377\377\377\377\377\377\377\377\377\377\377\377\377\377\377\377\377\377\377\377\377\377\377\377\377\377\377\377\377\377\377\377\377\377\377\377\377\377\377\377\367\4\2\5\7\5\32\5\36\5'\5.\5\377\377\377\377\377\377\377\377\377\377\377\377\377\377\377\377\377\377\377\377\377\377\214\5\377\377\377\377\377\377\377\377\377\377\377\377\377\377\377\377\377\377\221\5\377\377\377\377\377\377\377\377\377\377\377\377\377\377\377\377\377\377\377\377\377\377\377\377\377\377\377\377\377\377\377\377\377\377\377\377\377\377\377\377\227\5\250\5\377\377\377\377\377\377\377\377\377\377\377\377\377\377\377\377\377\377\377\377\377\377\272\5\377\377\377\377\377\377\276\5\375\5\377\377\377\377\377\377\377\377\377\377\377\377\377\377=\6\377\377\377\377\377\377\377\377\377\377\377\377\377\377\377\377\377\377\377\377\377\377\377\377\377\377\377\377\377\377\377\377\377\377\377\377\377\377\377\377\377\377\377\377\377\377\377\377\377\377\377\377\377\377\377\377\377\377\377\377\377\377\377\377\377\377\377\377\377\377\377\377\377\377\377\377\377\377\377\377\377\377\377\377T\6W\6\33[Z\0\7\0\r\0\33[%i%p1%d;%p2%dr\0\33[3g\0\33[H\33[2J\0\33[K\0\33[J\0\33[%i%p1%dG\0\33[%i%p1%d;%p2%dH\0\n\0\33[H\0\33[?25l\0\10\0\33[?12l\33[?25h\0\33[C\0\33[A\0\33[?12;25h\0\33[P\0\33[M\0\33(0\0\33[5m\0\33[1m\0\33[?1049h\33[22;0;0t\0\33[2m\0\33[4h\0\33[8m\0\33[7m\0\33[7m\0\33[4m\0\33[%p1%dX\0\33(B\0\33(B\33[m\0\33[?1049l\33[23;0;0t\0\33[4l\0\33[27m\0\33[24m\0\33[?5h$<100/>\33[?5l\0\33[!p\33[?3;4l\33[4l\33>\0\33[L\0\177\0\33[3~\0\33OB\0\33OP\0\33[21~\0\33OQ\0\33OR\0\33OS\0\33[15~\0\33[17~\0\33[18~\0\33[19~\0\33[20~\0\33OH\0\33[2~\0\33OD\0\33[6~\0\33[5~\0\33OC\0\33[1;2B\0\33[1;2A\0\33OA\0\33[?1l\33>\0\33[?1h\33=\0\33[?1034l\0\33[?1034h\0\33E\0\33[%p1%dP\0\33[%p1%dM\0\33[%p1%dB\0\33[%p1%d@\0\33[%p1%dS\0\33[%p1%dL\0\33[%p1%dD\0\33[%p1%dC\0\33[%p1%dT\0\33[%p1%dA\0\33[i\0\33[4i\0\33[5i\0%p1%c\33[%p2%{1}%-%db\0\33c\33]104\7\0\33[!p\33[?3;4l\33[4l\33>\0\338\0\33[%i%p1%dd\0\0337\0\n\0\33M\0%?%p9%t\33(0%e\33(B%;\33[0%?%p6%t;1%;%?%p5%t;2%;%?%p2%t;4%;%?%p1%p3%|%t;7%;%?%p4%t;5%;%?%p7%t;8%;m\0\33H\0\t\0\33Ow\0\33Oy\0\33Ou\0\33Oq\0\33Os\0``aaffggiijjkkllmmnnooppqqrrssttuuvvwwxxyyzz{{||}}~~\0\33[Z\0\33[?7h\0\33[?7l\0\33OE\0\33OF\0\33OM\0\33[3;2~\0\33[1;2F\0\33[1;2H\0\33[2;2~\0\33[1;2D\0\33[6;2~\0\33[5;2~\0\33[1;2C\0\33[23~\0\33[24~\0\33[1;2P\0\33[1;2Q\0\33[1;2R\0\33[1;2S\0\33[15;2~\0\33[17;2~\0\33[18;2~\0\33[19;2~\0\33[20;2~\0\33[21;2~\0\33[23;2~\0\33[24;2~\0\33[1;5P\0\33[1;5Q\0\33[1;5R\0\33[1;5S\0\33[15;5~\0\33[17;5~\0\33[18;5~\0\33[19;5~\0\33[20;5~\0\33[21;5~\0\33[23;5~\0\33[24;5~\0\33[1;6P\0\33[1;6Q\0\33[1;6R\0\33[1;6S\0\33[15;6~\0\33[17;6~\0\33[18;6~\0\33[19;6~\0\33[20;6~\0\33[21;6~\0\33[23;6~\0\33[24;6~\0\33[1;3P\0\33[1;3Q\0\33[1;3R\0\33[1;3S\0\33[15;3~\0\33[17;3~\0\33[18;3~\0\33[19;3~\0\33[20;3~\0\33[21;3~\0\33[23;3~\0\33[24;3~\0\33[1;4P\0\33[1;4Q\0\33[1;4R\0\33[1K\0\33[?69l\0\33[%i%d;%dR\0\33[6n\0\33[?%[;0123456789]c\0\33[c\0\33[39;49m\0\33]104\7\0\33]4;%p1%d;rgb:%p2%{255}%*%{1000}%/%2.2X/%p3%{255}%*%{1000}%/%2.2X/%p4%{255}%*%{1000}%/%2.2X\33\\\0\33[3m\0\33[23m\0\33[?69h\33[%i%p1%ds\0\33[?69h\33[%i;%p1%ds\0\33[<\0\33[%?%p1%{8}%<%t3%p1%d%e%p1%{16}%<%t9%p1%{8}%-%d%e38;5;%p1%d%;m\0\33[%?%p1%{8}%<%t4%p1%d%e%p1%{16}%<%t10%p1%{8}%-%d%e48;5;%p1%d%;m\0\33[?69h\33[%i%p1%d;%p2%ds\0\33l\0\33m\0\3\0\0\0V\0\257\0S\4\1\1\1\0\0\0\t\0\22\0\31\0%\0*\0<\0C\0J\0O\0U\0_\0\177\0\205\0\216\0\227\0\236\0\245\0\254\0\263\0\272\0\301\0\310\0\317\0\326\0\335\0\344\0\353\0\362\0\371\0\0\1\7\1\16\1\25\1\34\1#\1*\0011\18\1?\1F\1M\1T\1[\1b\1i\1p\1w\1~\1\205\1\214\1\223\1\232\1\241\1\250\1\257\1\266\1\275\1\304\1\313\1\322\1\331\1\340\1\347\1\356\1\365\1\374\1\3\2\7\2\v\2\17\2\23\2\27\2\33\2\37\2#\2'\2+\2/\0023\0027\2;\2A\2Z\2_\2\204\2\0\0\3\0\6\0\t\0\f\0\17\0\22\0\25\0\30\0\33\0\36\0!\0$\0'\0*\0-\0000\0003\0006\0;\0@\0E\0J\0O\0S\0X\0]\0b\0g\0l\0r\0x\0~\0\204\0\212\0\220\0\226\0\234\0\242\0\250\0\255\0\262\0\267\0\274\0\301\0\307\0\315\0\323\0\331\0\337\0\345\0\353\0\361\0\367\0\375\0\3\1\t\1\17\1\25\1\33\1!\1'\1-\0013\19\1=\1B\1G\1L\1Q\1V\1Z\1^\1b\1f\1j\1p\1v\1|\1\202\1\210\1\216\1\224\1\231\1\237\1\244\1\247\1\254\1\257\1\33[?2004l\0\33[?2004h\0\33]112\7\0\33]12;%p1%s\7\0\33[3J\0\33]52;%p1%s;%p2%s\7\0\33[201~\0\33[200~\0\33[>c\0\33[2 q\0\33[%p1%d q\0\33[?1006;1000%?%p1%{1}%=%th%el%;\0\33[>0q\0\33[?1004l\0\33[?1004h\0\33[3;3~\0\33[3;4~\0\33[3;5~\0\33[3;6~\0\33[3;7~\0\33[1;2B\0\33[1;3B\0\33[1;4B\0\33[1;5B\0\33[1;6B\0\33[1;7B\0\33[1;3F\0\33[1;4F\0\33[1;5F\0\33[1;6F\0\33[1;7F\0\33[1;3H\0\33[1;4H\0\33[1;5H\0\33[1;6H\0\33[1;7H\0\33[2;3~\0\33[2;4~\0\33[2;5~\0\33[2;6~\0\33[2;7~\0\33[1;3D\0\33[1;4D\0\33[1;5D\0\33[1;6D\0\33[1;7D\0\33[6;3~\0\33[6;4~\0\33[6;5~\0\33[6;6~\0\33[6;7~\0\33[5;3~\0\33[5;4~\0\33[5;5~\0\33[5;6~\0\33[5;7~\0\33[1;3C\0\33[1;4C\0\33[1;5C\0\33[1;6C\0\33[1;7C\0\33[1;2A\0\33[1;3A\0\33[1;4A\0\33[1;5A\0\33[1;6A\0\33[1;7A\0\33Ox\0\33Ot\0\33Ov\0\33Or\0\33OE\0\33Ok\0\33Ol\0\33Oo\0\33On\0\33Oj\0\33Om\0\33Op\0\33[I\0\33[O\0\33[29m\0\33\\[41;[1-6][0-9][0-9];0c\0\33[9m\0\33[<%i%p3%d;%p1%d;%p2%d;%?%p4%tM%em%;\0\33P>\\|XTerm\\([1-9][0-9]+\\)\33\\\\\0AX\0XF\0XT\0BD\0BE\0Cr\0Cs\0E3\0Ms\0PE\0PS\0RV\0Se\0Ss\0XM\0XR\0fd\0fe\0kDC3\0kDC4\0kDC5\0kDC6\0kDC7\0kDN\0kDN3\0kDN4\0kDN5\0kDN6\0kDN7\0kEND3\0kEND4\0kEND5\0kEND6\0kEND7\0kHOM3\0kHOM4\0kHOM5\0kHOM6\0kHOM7\0kIC3\0kIC4\0kIC5\0kIC6\0kIC7\0kLFT3\0kLFT4\0kLFT5\0kLFT6\0kLFT7\0kNXT3\0kNXT4\0kNXT5\0kNXT6\0kNXT7\0kPRV3\0kPRV4\0kPRV5\0kPRV6\0kPRV7\0kRIT3\0kRIT4\0kRIT5\0kRIT6\0kRIT7\0kUP\0kUP3\0kUP4\0kUP5\0kUP6\0kUP7\0ka2\0kb1\0kb3\0kc2\0kp5\0kpADD\0kpCMA\0kpDIV\0kpDOT\0kpMUL\0kpSUB\0kpZRO\0kxIN\0kxOUT\0rmxx\0rv\0smxx\0xm\0xr\0", 32768) = 4071
read(4, "", 28672)                      = 0
mmap(0x50e000000000, 65536, PROT_READ|PROT_WRITE, MAP_PRIVATE|MAP_FIXED|MAP_ANONYMOUS, -1, 0) = 0x50e000000000
mmap(0x50ee00000000, 65536, PROT_READ|PROT_WRITE, MAP_PRIVATE|MAP_FIXED|MAP_ANONYMOUS, -1, 0) = 0x50ee00000000
mmap(0x51f000000000, 65536, PROT_READ|PROT_WRITE, MAP_PRIVATE|MAP_FIXED|MAP_ANONYMOUS, -1, 0) = 0x51f000000000
mmap(0x51fe00000000, 65536, PROT_READ|PROT_WRITE, MAP_PRIVATE|MAP_FIXED|MAP_ANONYMOUS, -1, 0) = 0x51fe00000000
mmap(0x519000000000, 65536, PROT_READ|PROT_WRITE, MAP_PRIVATE|MAP_FIXED|MAP_ANONYMOUS, -1, 0) = 0x519000000000
mmap(0x519e00000000, 65536, PROT_READ|PROT_WRITE, MAP_PRIVATE|MAP_FIXED|MAP_ANONYMOUS, -1, 0) = 0x519e00000000
close(4)                                = 0
mmap(0x51d000000000, 65536, PROT_READ|PROT_WRITE, MAP_PRIVATE|MAP_FIXED|MAP_ANONYMOUS, -1, 0) = 0x51d000000000
mmap(0x51de00000000, 65536, PROT_READ|PROT_WRITE, MAP_PRIVATE|MAP_FIXED|MAP_ANONYMOUS, -1, 0) = 0x51de00000000
ioctl(1, TCGETS, {c_iflag=ICRNL|IXON|IUTF8, c_oflag=NL0|CR0|TAB0|BS0|VT0|FF0|OPOST|ONLCR, c_cflag=B38400|CS8|CREAD, c_lflag=ISIG|ICANON|ECHO|ECHOE|ECHOK|IEXTEN|ECHOCTL|ECHOKE, ...}) = 0
ioctl(1, TCGETS, {c_iflag=ICRNL|IXON|IUTF8, c_oflag=NL0|CR0|TAB0|BS0|VT0|FF0|OPOST|ONLCR, c_cflag=B38400|CS8|CREAD, c_lflag=ISIG|ICANON|ECHO|ECHOE|ECHOK|IEXTEN|ECHOCTL|ECHOKE, ...}) = 0
ioctl(1, TCGETS, {c_iflag=ICRNL|IXON|IUTF8, c_oflag=NL0|CR0|TAB0|BS0|VT0|FF0|OPOST|ONLCR, c_cflag=B38400|CS8|CREAD, c_lflag=ISIG|ICANON|ECHO|ECHOE|ECHOK|IEXTEN|ECHOCTL|ECHOKE, ...}) = 0
ioctl(1, TCGETS, {c_iflag=ICRNL|IXON|IUTF8, c_oflag=NL0|CR0|TAB0|BS0|VT0|FF0|OPOST|ONLCR, c_cflag=B38400|CS8|CREAD, c_lflag=ISIG|ICANON|ECHO|ECHOE|ECHOK|IEXTEN|ECHOCTL|ECHOKE, ...}) = 0
ioctl(1, TIOCGWINSZ, {ws_row=49, ws_col=184, ws_xpixel=0, ws_ypixel=0}) = 0
mmap(0x50c000000000, 65536, PROT_READ|PROT_WRITE, MAP_PRIVATE|MAP_FIXED|MAP_ANONYMOUS, -1, 0) = 0x50c000000000
mmap(0x50ce00000000, 65536, PROT_READ|PROT_WRITE, MAP_PRIVATE|MAP_FIXED|MAP_ANONYMOUS, -1, 0) = 0x50ce00000000
ioctl(1, TCGETS, {c_iflag=ICRNL|IXON|IUTF8, c_oflag=NL0|CR0|TAB0|BS0|VT0|FF0|OPOST|ONLCR, c_cflag=B38400|CS8|CREAD, c_lflag=ISIG|ICANON|ECHO|ECHOE|ECHOK|IEXTEN|ECHOCTL|ECHOKE, ...}) = 0
ioctl(1, TIOCGWINSZ, {ws_row=49, ws_col=184, ws_xpixel=0, ws_ypixel=0}) = 0
mmap(0x525000000000, 65536, PROT_READ|PROT_WRITE, MAP_PRIVATE|MAP_FIXED|MAP_ANONYMOUS, -1, 0) = 0x525000000000
mmap(0x525e00000000, 65536, PROT_READ|PROT_WRITE, MAP_PRIVATE|MAP_FIXED|MAP_ANONYMOUS, -1, 0) = 0x525e00000000
mmap(0x50b000000000, 65536, PROT_READ|PROT_WRITE, MAP_PRIVATE|MAP_FIXED|MAP_ANONYMOUS, -1, 0) = 0x50b000000000
mmap(0x50be00000000, 65536, PROT_READ|PROT_WRITE, MAP_PRIVATE|MAP_FIXED|MAP_ANONYMOUS, -1, 0) = 0x50be00000000
mmap(0x517000010000, 65536, PROT_READ|PROT_WRITE, MAP_PRIVATE|MAP_FIXED|MAP_ANONYMOUS, -1, 0) = 0x517000010000
mmap(0x517000020000, 65536, PROT_READ|PROT_WRITE, MAP_PRIVATE|MAP_FIXED|MAP_ANONYMOUS, -1, 0) = 0x517000020000
ioctl(1, TCGETS, {c_iflag=ICRNL|IXON|IUTF8, c_oflag=NL0|CR0|TAB0|BS0|VT0|FF0|OPOST|ONLCR, c_cflag=B38400|CS8|CREAD, c_lflag=ISIG|ICANON|ECHO|ECHOE|ECHOK|IEXTEN|ECHOCTL|ECHOKE, ...}) = 0
mmap(0x50f000000000, 65536, PROT_READ|PROT_WRITE, MAP_PRIVATE|MAP_FIXED|MAP_ANONYMOUS, -1, 0) = 0x50f000000000
mmap(0x50fe00000000, 65536, PROT_READ|PROT_WRITE, MAP_PRIVATE|MAP_FIXED|MAP_ANONYMOUS, -1, 0) = 0x50fe00000000
ioctl(1, TCGETS, {c_iflag=ICRNL|IXON|IUTF8, c_oflag=NL0|CR0|TAB0|BS0|VT0|FF0|OPOST|ONLCR, c_cflag=B38400|CS8|CREAD, c_lflag=ISIG|ICANON|ECHO|ECHOE|ECHOK|IEXTEN|ECHOCTL|ECHOKE, ...}) = 0
ioctl(1, TCSETSW, {c_iflag=IXON|IUTF8, c_oflag=NL0|CR0|TAB0|BS0|VT0|FF0|OPOST|ONLCR, c_cflag=B38400|CS8|CREAD, c_lflag=ISIG|ECHO|ECHOE|ECHOK|IEXTEN|ECHOCTL|ECHOKE, ...}) = 0
ioctl(1, TCGETS, {c_iflag=IXON|IUTF8, c_oflag=NL0|CR0|TAB0|BS0|VT0|FF0|OPOST|ONLCR, c_cflag=B38400|CS8|CREAD, c_lflag=ISIG|ECHO|ECHOE|ECHOK|IEXTEN|ECHOCTL|ECHOKE, ...}) = 0
ioctl(1, TCGETS, {c_iflag=IXON|IUTF8, c_oflag=NL0|CR0|TAB0|BS0|VT0|FF0|OPOST|ONLCR, c_cflag=B38400|CS8|CREAD, c_lflag=ISIG|ECHO|ECHOE|ECHOK|IEXTEN|ECHOCTL|ECHOKE, ...}) = 0
ioctl(1, TCSETSW, {c_iflag=IXON|IUTF8, c_oflag=NL0|CR0|TAB0|BS0|VT0|FF0|OPOST, c_cflag=B38400|CS8|CREAD, c_lflag=ISIG|ECHOE|ECHOK|IEXTEN|ECHOCTL|ECHOKE, ...}) = 0
ioctl(1, TCGETS, {c_iflag=IXON|IUTF8, c_oflag=NL0|CR0|TAB0|BS0|VT0|FF0|OPOST, c_cflag=B38400|CS8|CREAD, c_lflag=ISIG|ECHOE|ECHOK|IEXTEN|ECHOCTL|ECHOKE, ...}) = 0
rt_sigaction(SIGTSTP, NULL, {sa_handler=SIG_DFL, sa_mask=[], sa_flags=0}, 8) = 0
rt_sigaction(SIGTSTP, {sa_handler=0x7b5d24d01dc0, sa_mask=[], sa_flags=SA_RESTORER|SA_RESTART, sa_restorer=0x7b5d23a45330}, NULL, 8) = 0
rt_sigaction(SIGINT, NULL, {sa_handler=0x55f4b9f7a306, sa_mask=[INT], sa_flags=SA_RESTORER|SA_RESTART, sa_restorer=0x7b5d23a45330}, 8) = 0
rt_sigaction(SIGTERM, NULL, {sa_handler=SIG_DFL, sa_mask=[], sa_flags=0}, 8) = 0
rt_sigaction(SIGTERM, {sa_handler=0x7b5d24cfeed0, sa_mask=[], sa_flags=SA_RESTORER|SA_RESTART, sa_restorer=0x7b5d23a45330}, NULL, 8) = 0
rt_sigaction(SIGWINCH, NULL, {sa_handler=SIG_DFL, sa_mask=[], sa_flags=0}, 8) = 0
rt_sigaction(SIGWINCH, {sa_handler=0x7b5d24cf6940, sa_mask=[], sa_flags=SA_RESTORER, sa_restorer=0x7b5d23a45330}, NULL, 8) = 0
ioctl(1, TCGETS, {c_iflag=IXON|IUTF8, c_oflag=NL0|CR0|TAB0|BS0|VT0|FF0|OPOST, c_cflag=B38400|CS8|CREAD, c_lflag=ISIG|ECHOE|ECHOK|IEXTEN|ECHOCTL|ECHOKE, ...}) = 0
ioctl(1, TCGETS, {c_iflag=IXON|IUTF8, c_oflag=NL0|CR0|TAB0|BS0|VT0|FF0|OPOST, c_cflag=B38400|CS8|CREAD, c_lflag=ISIG|ECHOE|ECHOK|IEXTEN|ECHOCTL|ECHOKE, ...}) = 0
ioctl(1, TCSETSW, {c_iflag=IXON|IUTF8, c_oflag=NL0|CR0|TAB0|BS0|VT0|FF0|OPOST, c_cflag=B38400|CS8|CREAD, c_lflag=ISIG|ECHOE|ECHOK|IEXTEN|ECHOCTL|ECHOKE, ...}) = 0
ioctl(1, TCGETS, {c_iflag=IXON|IUTF8, c_oflag=NL0|CR0|TAB0|BS0|VT0|FF0|OPOST, c_cflag=B38400|CS8|CREAD, c_lflag=ISIG|ECHOE|ECHOK|IEXTEN|ECHOCTL|ECHOKE, ...}) = 0
write(1, "\33[?1049h\33[22;0;0t\33[1;49r\33(B\33[m\33[4l\33[?7h\33[?25l", 45) = 45
rt_sigaction(SIGTSTP, {sa_handler=SIG_IGN, sa_mask=[], sa_flags=SA_RESTORER|SA_RESTART, sa_restorer=0x7b5d23a45330}, {sa_handler=0x7b5d24d01dc0, sa_mask=[], sa_flags=SA_RESTORER|SA_RESTART, sa_restorer=0x7b5d23a45330}, 8) = 0
write(1, "\33[H\33[2J", 7)              = 7
rt_sigaction(SIGTSTP, {sa_handler=0x7b5d24d01dc0, sa_mask=[], sa_flags=SA_RESTORER|SA_RESTART, sa_restorer=0x7b5d23a45330}, NULL, 8) = 0
rt_sigaction(SIGTSTP, {sa_handler=SIG_IGN, sa_mask=[], sa_flags=SA_RESTORER|SA_RESTART, sa_restorer=0x7b5d23a45330}, {sa_handler=0x7b5d24d01dc0, sa_mask=[], sa_flags=SA_RESTORER|SA_RESTART, sa_restorer=0x7b5d23a45330}, 8) = 0
poll([{fd=0, events=POLLIN}], 1, 0)     = 0 (Timeout)
mmap(0x511000000000, 65536, PROT_READ|PROT_WRITE, MAP_PRIVATE|MAP_FIXED|MAP_ANONYMOUS, -1, 0) = 0x511000000000
mmap(0x511e00000000, 65536, PROT_READ|PROT_WRITE, MAP_PRIVATE|MAP_FIXED|MAP_ANONYMOUS, -1, 0) = 0x511e00000000
mmap(0x514000000000, 65536, PROT_READ|PROT_WRITE, MAP_PRIVATE|MAP_FIXED|MAP_ANONYMOUS, -1, 0) = 0x514000000000
mmap(0x514e00000000, 65536, PROT_READ|PROT_WRITE, MAP_PRIVATE|MAP_FIXED|MAP_ANONYMOUS, -1, 0) = 0x514e00000000
poll([{fd=0, events=POLLIN}], 1, 0)     = 0 (Timeout)
write(1, "\33[20;73H", 8)               = 8
mmap(0x50d000000000, 65536, PROT_READ|PROT_WRITE, MAP_PRIVATE|MAP_FIXED|MAP_ANONYMOUS, -1, 0) = 0x50d000000000
mmap(0x50de00000000, 65536, PROT_READ|PROT_WRITE, MAP_PRIVATE|MAP_FIXED|MAP_ANONYMOUS, -1, 0) = 0x50de00000000
write(1, "\33(0\33[0mlq\33[37bk\33(B\33[21;73H\33(0\33[0m", 33) = 33
write(1, "x\33(B\33[21;112H\33(0\33[0m", 20) = 20
write(1, "x\33(B\33[22;73H\33(0\33[0m", 19) = 19
write(1, "x\33(B\33[22;112H\33(0\33[0m", 20) = 20
write(1, "x\33(B\33[23;73H\33(0\33[0m", 19) = 19
write(1, "x\33(B\33[23;112H\33(0\33[0m", 20) = 20
write(1, "x\33(B\33[24;73H\33(0\33[0m", 19) = 19
write(1, "x\33(B\33[24;112H\33(0\33[0m", 20) = 20
poll([{fd=0, events=POLLIN}], 1, 0)     = 0 (Timeout)
write(1, "x\33(B\33[25;73H\33(0\33[0m", 19) = 19
write(1, "x\33(B\33[25;112H\33(0\33[0m", 20) = 20
write(1, "x\33(B\33[26;73H\33(0\33[0m", 19) = 19
write(1, "x\33(B\33[26;112H\33(0\33[0m", 20) = 20
write(1, "x\33(B\33[27;73H\33(0\33[0m", 19) = 19
write(1, "x\33(B\33[27;112H\33(0\33[0m", 20) = 20
write(1, "x\33(B\33[28;73H\33(0\33[0m", 19) = 19
write(1, "x\33(B\33[28;112H\33(0\33[0m", 20) = 20
write(1, "x\33(B\33[29;73H\33(0\33[0m", 19) = 19
poll([{fd=0, events=POLLIN}], 1, 0)     = 0 (Timeout)
write(1, "mq\33[37bj\33(B\33[20;73H\33(0\33[0m", 26) = 26
write(1, "\33(B", 3)                    = 3
rt_sigaction(SIGTSTP, {sa_handler=0x7b5d24d01dc0, sa_mask=[], sa_flags=SA_RESTORER|SA_RESTART, sa_restorer=0x7b5d23a45330}, NULL, 8) = 0
write(1, "\33[?1h\33=", 7)              = 7
rt_sigaction(SIGTSTP, {sa_handler=SIG_IGN, sa_mask=[], sa_flags=SA_RESTORER|SA_RESTART, sa_restorer=0x7b5d23a45330}, {sa_handler=0x7b5d24d01dc0, sa_mask=[], sa_flags=SA_RESTORER|SA_RESTART, sa_restorer=0x7b5d23a45330}, 8) = 0
poll([{fd=0, events=POLLIN}], 1, 0)     = 0 (Timeout)
poll([{fd=0, events=POLLIN}], 1, 0)     = 0 (Timeout)
write(1, "\33[21;75H", 8)               = 8
write(1, "Select\33[25;74H", 14)        = 14
write(1, "\33(B\33[0;7mLogin\33[26;74H", 22) = 22
write(1, "\33(B\33[mCreate Account", 20) = 20
rt_sigaction(SIGTSTP, {sa_handler=0x7b5d24d01dc0, sa_mask=[], sa_flags=SA_RESTORER|SA_RESTART, sa_restorer=0x7b5d23a45330}, NULL, 8) = 0
read(0, "\33", 1)                       = 1
poll([{fd=0, events=POLLIN}], 1, 1000)  = 1 ([{fd=0, revents=POLLIN}])
read(0, "O", 1)                         = 1
poll([{fd=0, events=POLLIN}], 1, 1000)  = 1 ([{fd=0, revents=POLLIN}])
read(0, "C", 1)                         = 1
rt_sigaction(SIGTSTP, {sa_handler=SIG_IGN, sa_mask=[], sa_flags=SA_RESTORER|SA_RESTART, sa_restorer=0x7b5d23a45330}, {sa_handler=0x7b5d24d01dc0, sa_mask=[], sa_flags=SA_RESTORER|SA_RESTART, sa_restorer=0x7b5d23a45330}, 8) = 0
poll([{fd=0, events=POLLIN}], 1, 0)     = 0 (Timeout)
poll([{fd=0, events=POLLIN}], 1, 0)     = 0 (Timeout)
write(1, "\33[H", 3)                    = 3
rt_sigaction(SIGTSTP, {sa_handler=0x7b5d24d01dc0, sa_mask=[], sa_flags=SA_RESTORER|SA_RESTART, sa_restorer=0x7b5d23a45330}, NULL, 8) = 0
write(1, "\33[49;1H\33[?12l\33[?25h", 19) = 19
write(1, "\33[?1049l\33[23;0;0t\r\33[?1l\33>", 25) = 25
ioctl(1, TCGETS, {c_iflag=IXON|IUTF8, c_oflag=NL0|CR0|TAB0|BS0|VT0|FF0|OPOST, c_cflag=B38400|CS8|CREAD, c_lflag=ISIG|ECHOE|ECHOK|IEXTEN|ECHOCTL|ECHOKE, ...}) = 0
ioctl(1, TCSETSW, {c_iflag=ICRNL|IXON|IUTF8, c_oflag=NL0|CR0|TAB0|BS0|VT0|FF0|OPOST|ONLCR, c_cflag=B38400|CS8|CREAD, c_lflag=ISIG|ICANON|ECHO|ECHOE|ECHOK|IEXTEN|ECHOCTL|ECHOKE, ...}) = 0
ioctl(1, TCGETS, {c_iflag=ICRNL|IXON|IUTF8, c_oflag=NL0|CR0|TAB0|BS0|VT0|FF0|OPOST|ONLCR, c_cflag=B38400|CS8|CREAD, c_lflag=ISIG|ICANON|ECHO|ECHOE|ECHOK|IEXTEN|ECHOCTL|ECHOKE, ...}) = 0
ioctl(1, TCGETS, {c_iflag=ICRNL|IXON|IUTF8, c_oflag=NL0|CR0|TAB0|BS0|VT0|FF0|OPOST|ONLCR, c_cflag=B38400|CS8|CREAD, c_lflag=ISIG|ICANON|ECHO|ECHOE|ECHOK|IEXTEN|ECHOCTL|ECHOKE, ...}) = 0
ioctl(1, TCSETSW, {c_iflag=IXON|IUTF8, c_oflag=NL0|CR0|TAB0|BS0|VT0|FF0|OPOST, c_cflag=B38400|CS8|CREAD, c_lflag=ISIG|ECHOE|ECHOK|IEXTEN|ECHOCTL|ECHOKE, ...}) = 0
ioctl(1, TCGETS, {c_iflag=IXON|IUTF8, c_oflag=NL0|CR0|TAB0|BS0|VT0|FF0|OPOST, c_cflag=B38400|CS8|CREAD, c_lflag=ISIG|ECHOE|ECHOK|IEXTEN|ECHOCTL|ECHOKE, ...}) = 0
write(1, "\33[?12l\33[?25h", 12)        = 12
rt_sigaction(SIGTSTP, {sa_handler=SIG_IGN, sa_mask=[], sa_flags=SA_RESTORER|SA_RESTART, sa_restorer=0x7b5d23a45330}, {sa_handler=0x7b5d24d01dc0, sa_mask=[], sa_flags=SA_RESTORER|SA_RESTART, sa_restorer=0x7b5d23a45330}, 8) = 0
ioctl(1, TCGETS, {c_iflag=IXON|IUTF8, c_oflag=NL0|CR0|TAB0|BS0|VT0|FF0|OPOST, c_cflag=B38400|CS8|CREAD, c_lflag=ISIG|ECHOE|ECHOK|IEXTEN|ECHOCTL|ECHOKE, ...}) = 0
ioctl(1, TIOCGWINSZ, {ws_row=49, ws_col=184, ws_xpixel=0, ws_ypixel=0}) = 0
ioctl(1, TCGETS, {c_iflag=IXON|IUTF8, c_oflag=NL0|CR0|TAB0|BS0|VT0|FF0|OPOST, c_cflag=B38400|CS8|CREAD, c_lflag=ISIG|ECHOE|ECHOK|IEXTEN|ECHOCTL|ECHOKE, ...}) = 0
ioctl(1, TCSETSW, {c_iflag=IXON|IUTF8, c_oflag=NL0|CR0|TAB0|BS0|VT0|FF0|OPOST, c_cflag=B38400|CS8|CREAD, c_lflag=ISIG|ECHOE|ECHOK|IEXTEN|ECHOCTL|ECHOKE, ...}) = 0
ioctl(1, TCGETS, {c_iflag=IXON|IUTF8, c_oflag=NL0|CR0|TAB0|BS0|VT0|FF0|OPOST, c_cflag=B38400|CS8|CREAD, c_lflag=ISIG|ECHOE|ECHOK|IEXTEN|ECHOCTL|ECHOKE, ...}) = 0
write(1, "\33[?1049h\33[22;0;0t\33[1;49r\33[?12l\33[?25h", 36) = 36
write(1, "\33(B\33[m\33[4l\33[?7h\33[H\33[2J\33[20;73H\33(0\33[0mlq\33[37bk\33(B\33[21;73H\33(0\33[0mx\33(B\33[21;112H\33(0\33[0mx\33(B\33[22;73H\33(0\33[0mx\33(B\33[22;112H\33(0\33[0mx\33(B\33[23;73H\33(0\33[0mx\33(B\33[23;112H\33(0\33[0mx\33(B\33[24;73H\33(0\33[0mx\33(B\33[24;112H\33(0\33[0mx\33(B\33[25;73H\33(0\33[0mx\33(B\33[25;112H\33(0\33[0mx\33(B\33[26;73H\33(0\33[0mx\33(B\33[26;112H\33(0\33[0mx\33(B\33[27;73H\33(0\33[0mx\33(B\33[27;112H\33(0\33[0mx\33(B\33[28;73H\33(0\33[0mx\33(B\33[28;112H\33(0\33[0mx\33(B\33[29;73H\33(0\33[0mmq\33[37bj\33(B\33[20;73H\33(0\33[0m\33(B", 404) = 404
rt_sigaction(SIGTSTP, {sa_handler=0x7b5d24d01dc0, sa_mask=[], sa_flags=SA_RESTORER|SA_RESTART, sa_restorer=0x7b5d23a45330}, NULL, 8) = 0
rt_sigaction(SIGTSTP, {sa_handler=SIG_IGN, sa_mask=[], sa_flags=SA_RESTORER|SA_RESTART, sa_restorer=0x7b5d23a45330}, {sa_handler=0x7b5d24d01dc0, sa_mask=[], sa_flags=SA_RESTORER|SA_RESTART, sa_restorer=0x7b5d23a45330}, 8) = 0
poll([{fd=0, events=POLLIN}], 1, 0)     = 0 (Timeout)
poll([{fd=0, events=POLLIN}], 1, 0)     = 0 (Timeout)
write(1, "\33[21;75HLogin\33[23;75HUsername:\33[25;75HPassword: ", 48) = 48
rt_sigaction(SIGTSTP, {sa_handler=0x7b5d24d01dc0, sa_mask=[], sa_flags=SA_RESTORER|SA_RESTART, sa_restorer=0x7b5d23a45330}, NULL, 8) = 0
write(1, "\33[?1h\33=", 7)              = 7
rt_sigaction(SIGTSTP, {sa_handler=SIG_IGN, sa_mask=[], sa_flags=SA_RESTORER|SA_RESTART, sa_restorer=0x7b5d23a45330}, {sa_handler=0x7b5d24d01dc0, sa_mask=[], sa_flags=SA_RESTORER|SA_RESTART, sa_restorer=0x7b5d23a45330}, 8) = 0
poll([{fd=0, events=POLLIN}], 1, 0)     = 0 (Timeout)
poll([{fd=0, events=POLLIN}], 1, 0)     = 0 (Timeout)
write(1, "\33[23d", 5)                  = 5
rt_sigaction(SIGTSTP, {sa_handler=0x7b5d24d01dc0, sa_mask=[], sa_flags=SA_RESTORER|SA_RESTART, sa_restorer=0x7b5d23a45330}, NULL, 8) = 0
read(0, "g", 1)                         = 1
rt_sigaction(SIGTSTP, {sa_handler=SIG_IGN, sa_mask=[], sa_flags=SA_RESTORER|SA_RESTART, sa_restorer=0x7b5d23a45330}, {sa_handler=0x7b5d24d01dc0, sa_mask=[], sa_flags=SA_RESTORER|SA_RESTART, sa_restorer=0x7b5d23a45330}, 8) = 0
poll([{fd=0, events=POLLIN}], 1, 0)     = 0 (Timeout)
poll([{fd=0, events=POLLIN}], 1, 0)     = 0 (Timeout)
write(1, "g", 1)                        = 1
rt_sigaction(SIGTSTP, {sa_handler=0x7b5d24d01dc0, sa_mask=[], sa_flags=SA_RESTORER|SA_RESTART, sa_restorer=0x7b5d23a45330}, NULL, 8) = 0
read(0, "i", 1)                         = 1
rt_sigaction(SIGTSTP, {sa_handler=SIG_IGN, sa_mask=[], sa_flags=SA_RESTORER|SA_RESTART, sa_restorer=0x7b5d23a45330}, {sa_handler=0x7b5d24d01dc0, sa_mask=[], sa_flags=SA_RESTORER|SA_RESTART, sa_restorer=0x7b5d23a45330}, 8) = 0
poll([{fd=0, events=POLLIN}], 1, 0)     = 0 (Timeout)
poll([{fd=0, events=POLLIN}], 1, 0)     = 0 (Timeout)
write(1, "i", 1)                        = 1
rt_sigaction(SIGTSTP, {sa_handler=0x7b5d24d01dc0, sa_mask=[], sa_flags=SA_RESTORER|SA_RESTART, sa_restorer=0x7b5d23a45330}, NULL, 8) = 0
read(0, "r", 1)                         = 1
rt_sigaction(SIGTSTP, {sa_handler=SIG_IGN, sa_mask=[], sa_flags=SA_RESTORER|SA_RESTART, sa_restorer=0x7b5d23a45330}, {sa_handler=0x7b5d24d01dc0, sa_mask=[], sa_flags=SA_RESTORER|SA_RESTART, sa_restorer=0x7b5d23a45330}, 8) = 0
poll([{fd=0, events=POLLIN}], 1, 0)     = 0 (Timeout)
poll([{fd=0, events=POLLIN}], 1, 0)     = 0 (Timeout)
write(1, "r", 1)                        = 1
rt_sigaction(SIGTSTP, {sa_handler=0x7b5d24d01dc0, sa_mask=[], sa_flags=SA_RESTORER|SA_RESTART, sa_restorer=0x7b5d23a45330}, NULL, 8) = 0
read(0, "a", 1)                         = 1
rt_sigaction(SIGTSTP, {sa_handler=SIG_IGN, sa_mask=[], sa_flags=SA_RESTORER|SA_RESTART, sa_restorer=0x7b5d23a45330}, {sa_handler=0x7b5d24d01dc0, sa_mask=[], sa_flags=SA_RESTORER|SA_RESTART, sa_restorer=0x7b5d23a45330}, 8) = 0
poll([{fd=0, events=POLLIN}], 1, 0)     = 0 (Timeout)
poll([{fd=0, events=POLLIN}], 1, 0)     = 0 (Timeout)
write(1, "a", 1)                        = 1
rt_sigaction(SIGTSTP, {sa_handler=0x7b5d24d01dc0, sa_mask=[], sa_flags=SA_RESTORER|SA_RESTART, sa_restorer=0x7b5d23a45330}, NULL, 8) = 0
read(0, "f", 1)                         = 1
rt_sigaction(SIGTSTP, {sa_handler=SIG_IGN, sa_mask=[], sa_flags=SA_RESTORER|SA_RESTART, sa_restorer=0x7b5d23a45330}, {sa_handler=0x7b5d24d01dc0, sa_mask=[], sa_flags=SA_RESTORER|SA_RESTART, sa_restorer=0x7b5d23a45330}, 8) = 0
poll([{fd=0, events=POLLIN}], 1, 0)     = 0 (Timeout)
poll([{fd=0, events=POLLIN}], 1, 0)     = 0 (Timeout)
write(1, "f", 1)                        = 1
rt_sigaction(SIGTSTP, {sa_handler=0x7b5d24d01dc0, sa_mask=[], sa_flags=SA_RESTORER|SA_RESTART, sa_restorer=0x7b5d23a45330}, NULL, 8) = 0
read(0, "f", 1)                         = 1
rt_sigaction(SIGTSTP, {sa_handler=SIG_IGN, sa_mask=[], sa_flags=SA_RESTORER|SA_RESTART, sa_restorer=0x7b5d23a45330}, {sa_handler=0x7b5d24d01dc0, sa_mask=[], sa_flags=SA_RESTORER|SA_RESTART, sa_restorer=0x7b5d23a45330}, 8) = 0
poll([{fd=0, events=POLLIN}], 1, 0)     = 0 (Timeout)
poll([{fd=0, events=POLLIN}], 1, 0)     = 0 (Timeout)
write(1, "f", 1)                        = 1
rt_sigaction(SIGTSTP, {sa_handler=0x7b5d24d01dc0, sa_mask=[], sa_flags=SA_RESTORER|SA_RESTART, sa_restorer=0x7b5d23a45330}, NULL, 8) = 0
read(0, "e", 1)                         = 1
rt_sigaction(SIGTSTP, {sa_handler=SIG_IGN, sa_mask=[], sa_flags=SA_RESTORER|SA_RESTART, sa_restorer=0x7b5d23a45330}, {sa_handler=0x7b5d24d01dc0, sa_mask=[], sa_flags=SA_RESTORER|SA_RESTART, sa_restorer=0x7b5d23a45330}, 8) = 0
poll([{fd=0, events=POLLIN}], 1, 0)     = 0 (Timeout)
poll([{fd=0, events=POLLIN}], 1, 0)     = 0 (Timeout)
write(1, "e", 1)                        = 1
rt_sigaction(SIGTSTP, {sa_handler=0x7b5d24d01dc0, sa_mask=[], sa_flags=SA_RESTORER|SA_RESTART, sa_restorer=0x7b5d23a45330}, NULL, 8) = 0
read(0, "\r", 1)                        = 1
rt_sigaction(SIGTSTP, {sa_handler=SIG_IGN, sa_mask=[], sa_flags=SA_RESTORER|SA_RESTART, sa_restorer=0x7b5d23a45330}, {sa_handler=0x7b5d24d01dc0, sa_mask=[], sa_flags=SA_RESTORER|SA_RESTART, sa_restorer=0x7b5d23a45330}, 8) = 0
poll([{fd=0, events=POLLIN}], 1, 0)     = 0 (Timeout)
poll([{fd=0, events=POLLIN}], 1, 0)     = 0 (Timeout)
write(1, "\33[25;85H", 8)               = 8
rt_sigaction(SIGTSTP, {sa_handler=0x7b5d24d01dc0, sa_mask=[], sa_flags=SA_RESTORER|SA_RESTART, sa_restorer=0x7b5d23a45330}, NULL, 8) = 0
read(0, "1", 1)                         = 1
rt_sigaction(SIGTSTP, {sa_handler=SIG_IGN, sa_mask=[], sa_flags=SA_RESTORER|SA_RESTART, sa_restorer=0x7b5d23a45330}, {sa_handler=0x7b5d24d01dc0, sa_mask=[], sa_flags=SA_RESTORER|SA_RESTART, sa_restorer=0x7b5d23a45330}, 8) = 0
poll([{fd=0, events=POLLIN}], 1, 0)     = 0 (Timeout)
poll([{fd=0, events=POLLIN}], 1, 0)     = 0 (Timeout)
write(1, "*", 1)                        = 1
rt_sigaction(SIGTSTP, {sa_handler=0x7b5d24d01dc0, sa_mask=[], sa_flags=SA_RESTORER|SA_RESTART, sa_restorer=0x7b5d23a45330}, NULL, 8) = 0
read(0, "2", 1)                         = 1
rt_sigaction(SIGTSTP, {sa_handler=SIG_IGN, sa_mask=[], sa_flags=SA_RESTORER|SA_RESTART, sa_restorer=0x7b5d23a45330}, {sa_handler=0x7b5d24d01dc0, sa_mask=[], sa_flags=SA_RESTORER|SA_RESTART, sa_restorer=0x7b5d23a45330}, 8) = 0
poll([{fd=0, events=POLLIN}], 1, 0)     = 0 (Timeout)
poll([{fd=0, events=POLLIN}], 1, 0)     = 0 (Timeout)
write(1, "*", 1)                        = 1
rt_sigaction(SIGTSTP, {sa_handler=0x7b5d24d01dc0, sa_mask=[], sa_flags=SA_RESTORER|SA_RESTART, sa_restorer=0x7b5d23a45330}, NULL, 8) = 0
read(0, "3", 1)                         = 1
rt_sigaction(SIGTSTP, {sa_handler=SIG_IGN, sa_mask=[], sa_flags=SA_RESTORER|SA_RESTART, sa_restorer=0x7b5d23a45330}, {sa_handler=0x7b5d24d01dc0, sa_mask=[], sa_flags=SA_RESTORER|SA_RESTART, sa_restorer=0x7b5d23a45330}, 8) = 0
poll([{fd=0, events=POLLIN}], 1, 0)     = 0 (Timeout)
poll([{fd=0, events=POLLIN}], 1, 0)     = 0 (Timeout)
write(1, "*", 1)                        = 1
rt_sigaction(SIGTSTP, {sa_handler=0x7b5d24d01dc0, sa_mask=[], sa_flags=SA_RESTORER|SA_RESTART, sa_restorer=0x7b5d23a45330}, NULL, 8) = 0
read(0, "\r", 1)                        = 1
write(1, "\33[49;1H\33[?1049l\33[23;0;0t\r\33[?1l\33>", 32) = 32
ioctl(1, TCGETS, {c_iflag=IXON|IUTF8, c_oflag=NL0|CR0|TAB0|BS0|VT0|FF0|OPOST, c_cflag=B38400|CS8|CREAD, c_lflag=ISIG|ECHOE|ECHOK|IEXTEN|ECHOCTL|ECHOKE, ...}) = 0
ioctl(1, TCSETSW, {c_iflag=ICRNL|IXON|IUTF8, c_oflag=NL0|CR0|TAB0|BS0|VT0|FF0|OPOST|ONLCR, c_cflag=B38400|CS8|CREAD, c_lflag=ISIG|ICANON|ECHO|ECHOE|ECHOK|IEXTEN|ECHOCTL|ECHOKE, ...}) = 0
ioctl(1, TCGETS, {c_iflag=ICRNL|IXON|IUTF8, c_oflag=NL0|CR0|TAB0|BS0|VT0|FF0|OPOST|ONLCR, c_cflag=B38400|CS8|CREAD, c_lflag=ISIG|ICANON|ECHO|ECHOE|ECHOK|IEXTEN|ECHOCTL|ECHOKE, ...}) = 0
fstat(1, {st_mode=S_IFCHR|0620, st_rdev=makedev(0x88, 0xb), ...}) = 0
write(1, "username length: 7\n", 19)    = 19
write(1, "payload len: 14\n", 16)       = 16
write(1, "Sending packet of size 20\n", 26) = 26
write(1, "0A 02 00 00 00 0E 0C 07 67 69 72 61 66 66 65 0C 03 31 32 33 \n", 61) = 61
write(3, "\n\2\0\0\0\16\f\7giraffe\f\003123", 20) = 20
--- SIGPROF {si_signo=SIGPROF, si_code=SI_KERNEL} ---
rt_sigreturn({mask=[]})                 = 20
read(3, "\v\2\0\0\0\4\2\2\0\17", 777)   = 10
write(1, "in funct 15\n", 12)           = 12
write(1, "user idddd: 15\n", 15)        = 15
ioctl(1, TCGETS, {c_iflag=ICRNL|IXON|IUTF8, c_oflag=NL0|CR0|TAB0|BS0|VT0|FF0|OPOST|ONLCR, c_cflag=B38400|CS8|CREAD, c_lflag=ISIG|ICANON|ECHO|ECHOE|ECHOK|IEXTEN|ECHOCTL|ECHOKE, ...}) = 0
ioctl(1, TCSETSW, {c_iflag=IXON|IUTF8, c_oflag=NL0|CR0|TAB0|BS0|VT0|FF0|OPOST, c_cflag=B38400|CS8|CREAD, c_lflag=ISIG|ECHOE|ECHOK|IEXTEN|ECHOCTL|ECHOKE, ...}) = 0
ioctl(1, TCGETS, {c_iflag=IXON|IUTF8, c_oflag=NL0|CR0|TAB0|BS0|VT0|FF0|OPOST, c_cflag=B38400|CS8|CREAD, c_lflag=ISIG|ECHOE|ECHOK|IEXTEN|ECHOCTL|ECHOKE, ...}) = 0
fcntl(3, F_GETFL)                       = 0x2 (flags O_RDWR)
fcntl(3, F_SETFL, O_RDWR|O_NONBLOCK)    = 0
rt_sigaction(SIGTSTP, {sa_handler=SIG_IGN, sa_mask=[], sa_flags=SA_RESTORER|SA_RESTART, sa_restorer=0x7b5d23a45330}, {sa_handler=0x7b5d24d01dc0, sa_mask=[], sa_flags=SA_RESTORER|SA_RESTART, sa_restorer=0x7b5d23a45330}, 8) = 0
ioctl(1, TCGETS, {c_iflag=IXON|IUTF8, c_oflag=NL0|CR0|TAB0|BS0|VT0|FF0|OPOST, c_cflag=B38400|CS8|CREAD, c_lflag=ISIG|ECHOE|ECHOK|IEXTEN|ECHOCTL|ECHOKE, ...}) = 0
ioctl(1, TIOCGWINSZ, {ws_row=49, ws_col=184, ws_xpixel=0, ws_ypixel=0}) = 0
ioctl(1, TCGETS, {c_iflag=IXON|IUTF8, c_oflag=NL0|CR0|TAB0|BS0|VT0|FF0|OPOST, c_cflag=B38400|CS8|CREAD, c_lflag=ISIG|ECHOE|ECHOK|IEXTEN|ECHOCTL|ECHOKE, ...}) = 0
ioctl(1, TCSETSW, {c_iflag=IXON|IUTF8, c_oflag=NL0|CR0|TAB0|BS0|VT0|FF0|OPOST, c_cflag=B38400|CS8|CREAD, c_lflag=ISIG|ECHOE|ECHOK|IEXTEN|ECHOCTL|ECHOKE, ...}) = 0
ioctl(1, TCGETS, {c_iflag=IXON|IUTF8, c_oflag=NL0|CR0|TAB0|BS0|VT0|FF0|OPOST, c_cflag=B38400|CS8|CREAD, c_lflag=ISIG|ECHOE|ECHOK|IEXTEN|ECHOCTL|ECHOKE, ...}) = 0
write(1, "\33[?1049h\33[22;0;0t\33[1;49r\33[?12l\33[?25h", 36) = 36
write(1, "\33(B\33[m\33[4l\33[?7h\33[H\33[2J\33[2d \33(0\33[0mlq\33[27bk\33(B\r\33[3d \33(0\33[0mx\33(B\33[3;31H\33(0\33[0mx\33(B\r\33[4d \33(0\33[0mx\33(B\33[4;31H\33(0\33[0mx\33(B\r\33[5d \33(0\33[0mx\33(B\33[5;31H\33(0\33[0mx\33(B\r\33[6d \33(0\33[0mx\33(B\33[6;31H\33(0\33[0mx\33(B\r\33[7d \33(0\33[0mx\33(B\33[7;31H\33(0\33[0mx\33(B\r\33[8d \33(0\33[0mx\33(B\33[8;31H\33(0\33[0mx\33(B\r\33[9d \33(0\33[0mx\33(B\33[9;31H\33(0\33[0mx\33(B\r\33[10d \33(0\33[0mx\33(B\33[10;31H\33(0\33[0mx\33(B\r\33[11d \33(0\33[0mx\33(B\33[11;31H\33(0\33[0mx\33(B\r\33[12d \33(0\33[0mx\33(B\33[12;31H\33(0\33[0mx\33(B\r\33[13d \33(0\33[0mx\33(B\33[13;31H\33(0\33[0mx\33(B\r\33[14d \33(0\33[0mx\33(B\33[14;31H\33(0\33[0mx\33(B\r\33[15d \33(0\33[0mx\33(B\33[15;31H\33(0\33[0mx\33(B\r\33[16d \33(0\33[0mx\33(B\33[16;31H\33(0\33[0mx\33(B\r\33[17d \33(0\33[0mx\33(B\33[17;31H\33(0\33[0mx\33(B\r\33[18d \33(0\33[0mx\33(B\33[18;31H\33(0\33[0mx\33(B\r\33[19d \33(0\33[0mx\33(B\33[19;31H\33(0\33[0mx\33(B\r\33[20d \33(0\33[0mx\33(B\33[20;31H\33(0\33[0mx\33(B\33[20;73H\33(0\33[0mlq\33[37bk\33(B\r\33[21d \33(0\33[0mx\33(B\33[21;31H\33(0\33[0mx\33(B\33[21;73H\33(0\33[0mx\33(B Login\33[21;112H\33(0\33[0mx\33(B\r\33[22d \33(0\33[0mx\33(B\33[22;31H\33(0\33[0mx\33(B\33[22;73H\33(0\33[0mx\33(B\33[22;112H\33(0\33[0mx\33(B\r\33[23d \33(0\33[0mx\33(B\33[23;31H\33(0\33[0mx\33(B\33[23;73H\33(0\33[0mx\33(B Username: giraffe\33[23;112H\33(0\33[0mx\33(B\r\33[24d \33(0\33[0mx\33(B\33[24;31H\33(0\33[0mx\33(B\33[24;73H\33(0\33[0mx\33(B\33[24;112H\33(0\33[0mx\33(B\r\33[25d \33(0\33[0mx\33(B\33[25;31H\33(0\33[0mx\33(B\33[25;73H\33(0\33[0mx\33(B Password: ***\33[25;112H\33(0\33[0mx\33(B\r\33[26d \33(0\33[0mx\33(B\33[26;31H\33(0\33[0mx\33(B\33[26;73H\33(0\33[0mx\33(B\33[26;112H\33(0\33[0mx\33(B\r\33[27d \33(0\33[0mx\33(B\33[27;31H\33(0\33[0mx\33(B\33[27;73H\33(0\33[0mx\33(B\33[27;112H\33(0\33[0mx\33(B\r\33[28d \33(0\33[0mx\33(B\33[28;31H\33(0\33[0mx\33(B\33[28;73H\33(0\33[0mx\33(B\33[28;112H\33(0\33[0mx\33(B\r\33[29d \33(0\33[0mx\33(B\33[29;31H\33(0\33[0mx\33(B\33[29;73H\33(0\33[0mmq\33[37bj\33(B\r\33[30d \33(0\33[0mx\33(B\33[30;31H\33(0\33[0mx\33(B\r\33[31d \33(0\33[0mmq\33[27bj\33(B\r\33[2d \33(0\33[0m\33(B", 1510) = 1510
rt_sigaction(SIGTSTP, {sa_handler=0x7b5d24d01dc0, sa_mask=[], sa_flags=SA_RESTORER|SA_RESTART, sa_restorer=0x7b5d23a45330}, NULL, 8) = 0
rt_sigaction(SIGTSTP, {sa_handler=SIG_IGN, sa_mask=[], sa_flags=SA_RESTORER|SA_RESTART, sa_restorer=0x7b5d23a45330}, {sa_handler=0x7b5d24d01dc0, sa_mask=[], sa_flags=SA_RESTORER|SA_RESTART, sa_restorer=0x7b5d23a45330}, 8) = 0
poll([{fd=0, events=POLLIN}], 1, 0)     = 0 (Timeout)
poll([{fd=0, events=POLLIN}], 1, 0)     = 0 (Timeout)
write(1, "\33[3;4HUser: giraffe", 19)   = 19
rt_sigaction(SIGTSTP, {sa_handler=0x7b5d24d01dc0, sa_mask=[], sa_flags=SA_RESTORER|SA_RESTART, sa_restorer=0x7b5d23a45330}, NULL, 8) = 0
rt_sigaction(SIGTSTP, {sa_handler=SIG_IGN, sa_mask=[], sa_flags=SA_RESTORER|SA_RESTART, sa_restorer=0x7b5d23a45330}, {sa_handler=0x7b5d24d01dc0, sa_mask=[], sa_flags=SA_RESTORER|SA_RESTART, sa_restorer=0x7b5d23a45330}, 8) = 0
poll([{fd=0, events=POLLIN}], 1, 0)     = 0 (Timeout)
poll([{fd=0, events=POLLIN}], 1, 0)     = 0 (Timeout)
rt_sigaction(SIGTSTP, {sa_handler=0x7b5d24d01dc0, sa_mask=[], sa_flags=SA_RESTORER|SA_RESTART, sa_restorer=0x7b5d23a45330}, NULL, 8) = 0
gettid()                                = 71838
rt_sigprocmask(SIG_SETMASK, ~[SYS RT_1], [], 8) = 0
mmap(NULL, 57344, PROT_READ|PROT_WRITE, MAP_PRIVATE|MAP_ANONYMOUS, -1, 0) = 0x7b5d23c52000
rt_sigaction(SIGRT_1, {sa_handler=0x7b5d23a99530, sa_mask=[], sa_flags=SA_RESTORER|SA_ONSTACK|SA_RESTART|SA_SIGINFO, sa_restorer=0x7b5d23a45330}, NULL, 8) = 0
rt_sigprocmask(SIG_UNBLOCK, [RTMIN RT_1], NULL, 8) = 0
mmap(NULL, 8392704, PROT_NONE, MAP_PRIVATE|MAP_ANONYMOUS|MAP_STACK, -1, 0) = 0x7b5d1fc00000
mprotect(0x7b5d1fc01000, 8388608, PROT_READ|PROT_WRITE) = 0
mmap(0x513000000000, 65536, PROT_READ|PROT_WRITE, MAP_PRIVATE|MAP_FIXED|MAP_ANONYMOUS, -1, 0) = 0x513000000000
mmap(0x513e00000000, 65536, PROT_READ|PROT_WRITE, MAP_PRIVATE|MAP_FIXED|MAP_ANONYMOUS, -1, 0) = 0x513e00000000
rt_sigprocmask(SIG_BLOCK, ~[], ~[KILL STOP SYS RTMIN RT_1], 8) = 0
clone3({flags=CLONE_VM|CLONE_FS|CLONE_FILES|CLONE_SIGHAND|CLONE_THREAD|CLONE_SYSVSEM|CLONE_SETTLS|CLONE_PARENT_SETTID|CLONE_CHILD_CLEARTID, child_tid=0x7b5d20400990, parent_tid=0x7b5d20400990, exit_signal=0, stack=0x7b5d1fc00000, stack_size=0x7fff00, tls=0x7b5d204006c0} => {parent_tid=[71845]}, 88) = 71845
rt_sigprocmask(SIG_SETMASK, ~[KILL STOP SYS RTMIN RT_1], NULL, 8) = 0
mmap(NULL, 4096, PROT_READ|PROT_WRITE, MAP_PRIVATE|MAP_ANONYMOUS, -1, 0) = 0x7b5d24d0a000
futex(0x7b5d247af878, FUTEX_WAKE_PRIVATE, 1) = 1
rt_sigprocmask(SIG_SETMASK, [], NULL, 8) = 0
rt_sigaction(SIGTSTP, {sa_handler=SIG_IGN, sa_mask=[], sa_flags=SA_RESTORER|SA_RESTART, sa_restorer=0x7b5d23a45330}, {sa_handler=0x7b5d24d01dc0, sa_mask=[], sa_flags=SA_RESTORER|SA_RESTART, sa_restorer=0x7b5d23a45330}, 8) = 0
poll([{fd=0, events=POLLIN}], 1, 0)     = 0 (Timeout)
poll([{fd=0, events=POLLIN}], 1, 0)     = 0 (Timeout)
poll([{fd=0, events=POLLIN}], 1, 0)     = 0 (Timeout)
write(1, "\r\33[32d \33(0\33[0mlq\33[108bk\33(B\r\33[33d \33(0\33[0mx\33(B\33[33;112H\33(0\33[0mx\33(B\r\33[34d \33(0\33[0mx\33(B\33[34;112H\33(0\33[0mx\33(B\r\33[35d \33(0\33[0mx\33(B\33[35;112H\33(0\33[0mx\33(B\r\33[36d \33(0\33[0mmq\33[108bj\33(B\r\33[32d \33(0\33[0m\33(B", 183) = 183
rt_sigaction(SIGTSTP, {sa_handler=0x7b5d24d01dc0, sa_mask=[], sa_flags=SA_RESTORER|SA_RESTART, sa_restorer=0x7b5d23a45330}, NULL, 8) = 0
rt_sigaction(SIGTSTP, {sa_handler=SIG_IGN, sa_mask=[], sa_flags=SA_RESTORER|SA_RESTART, sa_restorer=0x7b5d23a45330}, {sa_handler=0x7b5d24d01dc0, sa_mask=[], sa_flags=SA_RESTORER|SA_RESTART, sa_restorer=0x7b5d23a45330}, 8) = 0
poll([{fd=0, events=POLLIN}], 1, 0)     = 0 (Timeout)
poll([{fd=0, events=POLLIN}], 1, 0)     = 0 (Timeout)
write(1, "\33[34;4Hgiraffe 15:", 18)    = 18
rt_sigaction(SIGTSTP, {sa_handler=0x7b5d24d01dc0, sa_mask=[], sa_flags=SA_RESTORER|SA_RESTART, sa_restorer=0x7b5d23a45330}, NULL, 8) = 0
futex(0x55f4b9fc3040, FUTEX_WAKE_PRIVATE, 1) = 1
read(0, 0x7ffc1bdaafcf, 1)              = ? ERESTARTSYS (To be restarted if SA_RESTART is set)
--- SIGINT {si_signo=SIGINT, si_code=SI_KERNEL} ---
rt_sigreturn({mask=[]})                 = 0
read(0, "\33", 1)                       = 1
write(1, "Exiting chat input\n", 19)    = 19
rt_sigaction(SIGTSTP, {sa_handler=SIG_IGN, sa_mask=[], sa_flags=SA_RESTORER|SA_RESTART, sa_restorer=0x7b5d23a45330}, {sa_handler=0x7b5d24d01dc0, sa_mask=[], sa_flags=SA_RESTORER|SA_RESTART, sa_restorer=0x7b5d23a45330}, 8) = 0
poll([{fd=0, events=POLLIN}], 1, 0)     = 1 ([{fd=0, revents=POLLIN}])
write(1, "\33[34;15H", 8)               = 8
rt_sigaction(SIGTSTP, {sa_handler=0x7b5d24d01dc0, sa_mask=[], sa_flags=SA_RESTORER|SA_RESTART, sa_restorer=0x7b5d23a45330}, NULL, 8) = 0
write(1, "\33[49;1H\33[?1049l\33[23;0;0t\r\33[?1l\33>", 32) = 32
ioctl(1, TCGETS, {c_iflag=IXON|IUTF8, c_oflag=NL0|CR0|TAB0|BS0|VT0|FF0|OPOST, c_cflag=B38400|CS8|CREAD, c_lflag=ISIG|ECHOE|ECHOK|IEXTEN|ECHOCTL|ECHOKE, ...}) = 0
ioctl(1, TCSETSW, {c_iflag=ICRNL|IXON|IUTF8, c_oflag=NL0|CR0|TAB0|BS0|VT0|FF0|OPOST|ONLCR, c_cflag=B38400|CS8|CREAD, c_lflag=ISIG|ICANON|ECHO|ECHOE|ECHOK|IEXTEN|ECHOCTL|ECHOKE, ...}) = 0
ioctl(1, TCGETS, {c_iflag=ICRNL|IXON|IUTF8, c_oflag=NL0|CR0|TAB0|BS0|VT0|FF0|OPOST|ONLCR, c_cflag=B38400|CS8|CREAD, c_lflag=ISIG|ICANON|ECHO|ECHOE|ECHOK|IEXTEN|ECHOCTL|ECHOKE, ...}) = 0
write(1, "Sending logout req packet of size 6\n", 36) = 36
write(1, "0C 02 00 0F 00 00 \n", 19)    = 19
write(3, "\f\2\0\17\0\0", 6)            = 6
write(1, "testing\n", 8)                = 8
close(3)                                = 0
setitimer(ITIMER_PROF, {it_interval={tv_sec=0, tv_usec=0}, it_value={tv_sec=0, tv_usec=0}}, NULL) = 0
rt_sigaction(SIGPROF, {sa_handler=SIG_DFL, sa_mask=[], sa_flags=SA_RESTORER, sa_restorer=0x7b5d23a45330}, NULL, 8) = 0
openat(AT_FDCWD, "gmon.out", O_WRONLY|O_CREAT|O_TRUNC|O_NOFOLLOW|O_CLOEXEC, 0666) = 3
write(3, "gmon\1\0\0\0\0\0\0\0\0\0\0\0\0\0\0\0", 20) = 20
writev(3, [{iov_base="\0", iov_len=1}, {iov_base="\0\0\0\0\0\0\0\0\0\373\3\0\0\0\0\0\300\376\0\0d\0\0\0seconds\0\0\0\0\0\0\0\0s", iov_len=40}, {iov_base="\0\0\0\0\0\0\0\0\0\0\0\0\0\0\0\0\0\0\0\0\0\0\0\0\0\0\0\0\0\0\0\0\0\0\0\0\0\0\0\0\0\0\0\0\0\0\0\0\0\0\0\0\0\0\0\0\0\0\0\0\0\0\0\0\0\0\0\0\0\0\0\0\0\0\0\0\0\0\0\0\0\0\0\0\0\0\0\0\0\0\0\0\0\0\0\0\0\0\0\0\0\0\0\0\0\0\0\0\0\0\0\0\0\0\0\0\0\0\0\0\0\0\0\0\0\0\0\0\0\0\0\0\0\0\0\0\0\0\0\0\0\0\0\0\0\0\0\0\0\0\0\0\0\0\0\0\0\0\0\0\0\0\0\0\0\0\0\0\0\0\0\0\0\0\0\0\0\0\0\0\0\0\0\0\0\0\0\0\0\0\0\0\0\0\0\0\0\0\0\0\0\0\0\0\0\0\0\0\0\0\0\0\0\0\0\0\0\0\0\0\0\0\0\0\0\0\0\0\0\0\0\0\0\0\0\0\0\0\0\0\0\0\0\0\0\0\0\0\0\0\0\0\0\0\0\0\0\0\0\0\0\0\0\0\0\0\0\0\0\0\0\0\0\0\0\0\0\0\0\0\0\0\0\0\0\0\0\0\0\0\0\0\0\0\0\0\0\0\0\0\0\0\0\0\0\0\0\0\0\0\0\0\0\0\0\0\0\0\0\0\0\0\0\0\0\0\0\0\0\0\0\0\0\0\0\0\0\0\0\0\0\0\0\0\0\0\0\0\0\0\0\0\0\0\0\0\0\0\0\0\0\0\0\0\0\0\0\0\0\0\0\0\0\0\0\0\0\0\0\0\0\0\0\0\0\0\0\0\0\0\0\0\0\0\0\0\0\0\0\0\0\0\0\0\0\0\0\0\0\0\0\0\0\0\0\0\0\0\0\0\0\0\0\0\0\0\0\0\0\0\0\0\0\0\0\0\0\0\0\0\0\0\0\0\0\0\0\0\0\0\0\0\0\0\0\0\0\0\0\0\0\0\0\0\0\0\0\0\0\0\0\0\0\0\0\0\0\0\0\0\0\0\0\0\0\0\0\0\0\0\0\0\0\0\0\0\0\0\0\0\0\0\0\0\0\0\0\0\0\0\0\0\0\0\0\0\0\0\0\0\0\0\0\0\0\0\0\0\0\0\0\0\0\0\0\0\0\0\0\0\0\0\0\0\0\0\0\0\0\0\0\0\0\0\0\0\0\0\0\0\0\0\0\0\0\0\0\0\0\0\0\0\0\0\0\0\0\0\0\0\0\0\0\0\0\0\0\0\0\0\0\0\0\0\0\0\0\0\0\0\0\0\0\0\0\0\0\0\0\0\0\0\0\0\0\0\0\0\0\0\0\0\0\0\0\0\0\0\0\0\0\0\0\0\0\0\0\0\0\0\0\0\0\0\0\0\0\0\0\0\0\0\0\0\0\0\0\0\0\0\0\0\0\0\0\0\0\0\0\0\0\0\0\0\0\0\0\0\0\0\0\0\0\0\0\0\0\0\0\0\0\0\0\0\0\0\0\0\0\0\0\0\0\0\0\0\0\0\0\0\0\0\0\0\0\0\0\0\0\0\0\0\0\0\0\0\0\0\0\0\0\0\0\0\0\0\0\0\0\0\0\0\0\0\0\0\0\0\0\0\0\0\0\0\0\0\0\0\0\0\0\0\0\0\0\0\0\0\0\0\0\0\0\0\0\0\0\0\0\0\0\0\0\0\0\0\0\0\0\0\0\0\0\0\0\0\0\0\0\0\0\0\0\0\0\0\0\0\0\0\0\0\0\0\0\0\0\0\0\0\0\0\0\0\0\0\0\0\0\0\0\0\0\0\0\0\0\0\0\0\0\0\0\0\0\0\0\0\0\0\0\0\0\0\0\0\0\0\0\0\0\0\0\0\0\0\0\0\0\0\0\0\0\0\0\0\0\0\0\0\0\0\0\0\0\0\0\0\0\0\0\0\0\0\0\0\0\0\0\0\0\0\0\0\0\0\0\0\0\0\0\0\0\0\0\0\0\0\0\0\0\0\0\0\0\0\0\0\0\0\0\0\0\0\0\0\0\0\0\0\0\0\0\0\0\0\0\0\0\0\0\0\0\0\0\0\0\0\0\0\0\0\0\0\0\0\0\0\0\0\0\0\0\0\0\0\0\0\0\0\0\0\0\0\0\0\0\0\0\0\0\0\0\0\0\0\0\0\0\0\0\0\0\0\0\0\0\0\0\0\0\0\0\0\0\0\0\0\0\0\0\0\0\0\0\0\0\0\0\0\0\0\0\0\0\0\0\0\0\0\0\0\0\0\0\0\0\0\0\0\0\0\0\0\0\0\0\0\0\0\0\0\0\0\0\0\0\0\0\0\0\0\0\0\0\0\0\0\0\0\0\0\0\0\0\0\0\0\0\0\0\0\0\0\0\0\0\0\0\0\0\0\0\0\0\0\0\0\0\0\0\0\0\0\0\0\0\0\0\0\0\0\0\0\0\0\0\0\0\0\0\0\0\0\0\0\0\0\0\0\0\0\0\0\0\0\0\0\0\0\0\0\0\0\0\0\0\0\0\0\0\0\0\0\0\0\0\0\0\0\0\0\0\0\0\0\0\0\0\0\0\0\0\0\0\0\0\0\0\0\0\0\0\0\0\0\0\0\0\0\0\0\0\0\0\0\0\0\0\0\0\0\0\0\0\0\0\0\0\0\0\0\0\0\0\0\0\0\0\0\0\0\0\0\0\0\0\0\0\0\0\0\0\0\0\0\0\0\0\0\0\0\0\0\0\0\0\0\0\0\0\0\0\0\0\0\0\0\0\0\0\0\0\0\0\0\0\0\0\0\0\0\0\0\0\0\0\0\0\0\0\0\0\0\0\0\0\0\0\0\0\0\0\0\0\0\0\0\0\0\0\0\0\0\0\0\0\0\0\0\0\0\0\0\0\0\0\0\0\0\0\0\0\0\0\0\0\0\0\0\0\0\0\0\0\0\0\0\0\0\0\0\0\0\0\0\0\0\0\0\0\0\0\0\0\0\0\0\0\0\0\0\0\0\0\0\0\0\0\0\0\0\0\0\0\0\0\0\0\0\0\0\0\0\0\0\0\0\0\0\0\0\0\0\0\0\0\0\0\0\0\0\0\0\0\0\0\0\0\0\0\0\0\0\0\0\0\0\0\0\0\0\0\0\0\0\0\0\0\0\0\0\0\0\0\0\0\0\0\0\0\0\0\0\0\0\0\0\0\0\0\0\0\0\0\0\0\0\0\0\0\0\0\0\0\0\0\0\0\0\0\0\0\0\0\0\0\0\0\0\0\0\0\0\0\0\0\0\0\0\0\0\0\0\0\0\0\0\0\0\0\0\0\0\0\0\0\0\0\0\0\0\0\0\0\0\0\0\0\0\0\0\0\0\0\0\0\0\0\0\0\0\0\0\0\0\0\0\0\0\0\0\0\0\0\0\0\0\0\0\0\0\0\0\0\0\0\0\0\0\0\0\0\0\0\0\0\0\0\0\0\0\0\0\0\0\0\0\0\0\0\0\0\0\0\0\0\0\0\0\0\0\0\0\0\0\0\0\0\0\0\0\0\0\0\0\0\0\0\0\0\0\0\0\0\0\0\0\0\0\0\0\0\0\0\0\0\0\0\0\0\0\0\0\0\0\0\0\0\0\0\0\0\0\0\0\0\0\0\0\0\0\0\0\0\0\0\0\0\0\0\0\0\0\0\0\0\0\0\0\0\0\0\0\0\0\0\0\0\0\0\0\0\0\0\0\0\0\0\0\0\0\0\0\0\0\0\0\0\0\0\0\0\0\0\0\0\0\0\0\0\0\0\0\0\0\0\0\0\0\0\0\0\0\0\0\0\0\0\0\0\0\0\0\0\0\0\0\0\0\0\0\0\0\0\0\0\0\0\0\0\0\0\0\0\0\0\0\0\0\0\0\0\0\0\0\0\0\0\0\0\0\0\0\0\0\0\0\0\0\0\0\0\0\0\0\0\0\0\0\0\0\0\0\0\0\0\0\0\0\0\0\0\0\0\0\0\0\0\0\0\0\0\0\0\0\0\0\0\0\0\0\0\0\0\0\0\0\0\0\0\0\0\0\0\0\0\0\0\0\0\0\0\0\0\0\0\0\0\0\0\0\0\0\0\0\0\0\0\0\0\0\0\0\0\0\0\0\0\0\0\0\0\0\0\0\0\0\0\0\0\0\0\0\0\0\0\0\0\0\0\0\0\0\0\0\0\0\0\0\0\0\0\0\0\0\0\0\0\0\0\0\0\0\0\0\0\0\0\0\0\0\0\0\0\0\0\0\0\0\0\0\0\0\0\0\0\0\0\0\0\0\0\0\0\0\0\0\0\0\0\0\0\0\0\0\0\0\0\0\0\0\0\0\0\0\0\0\0\0\0\0\0\0\0\0\0\0\0\0\0\0\0\0\0\0\0\0\0\0\0\0\0\0\0\0\0\0\0\0\0\0\0\0\0\0\0\0\0\0\0\0\0\0\0\0\0\0\0\0\0\0\0\0\0\0\0\0\0\0\0\0\0\0\0\0\0\0\0\0\0\0\0\0\0\0\0\0\0\0\0\0\0\0\0\0\0\0\0\0\0\0\0\0\0\0\0\0\0\0\0\0\0\0\0\0\0\0\0\0\0\0\0\0\0\0\0\0\0\0\0\0\0\0\0\0\0\0\0\0\0\0\0\0\0\0\0\0\0\0\0\0\0\0\0\0\0\0\0\0\0\0\0\0\0\0\0\0\0\0\0\0\0\0\0\0\0\0\0\0\0\0\0\0\0\0\0\0\0\0\0\0\0\0\0\0\0\0\0\0\0\0\0\0\0\0\0\0\0\0\0\0\0\0\0\0\0\0\0\0\0\0\0\0\0\0\0\0\0\0\0\0\0\0\0\0\0\0\0\0\0\0\0\0\0\0\0\0\0\0\0\0\0\0\0\0\0\0\0\0\0\0\0\0\0\0\0\0\0\0\0\0\0\0\0\0\0\0\0\0\0\0\0\0\0\0\0\0\0\0\0\0\0\0\0\0\0\0\0\0\0\0\0\0\0\0\0\0\0\0\0\0\0\0\0\0\0\0\0\0\0\0\0\0\0\0\0\0\0\0\0\0\0\0\0\0\0\0\0\0\0\0\0\0\0\0\0\0\0\0\0\0\0\0\0\0\0\0\0\0\0\0\0\0\0\0\0\0\0\0\0\0\0\0\0\0\0\0\0\0\0\0\0\0\0\0\0\0\0\0\0\0\0\0\0\0\0\0\0\0\0\0\0\0\0\0\0\0\0\0\0\0\0\0\0\0\0\0\0\0\0\0\0\0\0\0\0\0\0\0\0\0\0\0\0\0\0\0\0\0\0\0\0\0\0\0\0\0\0\0\0\0\0\0\0\0\0\0\0\0\0\0\0\0\0\0\0\0\0\0\0\0\0\0\0\0\0\0\0\0\0\0\0\0\0\0\0\0\0\0\0\0\0\0\0\0\0\0\0\0\0\0\0\0\0\0\0\0\0\0\0\0\0\0\0\0\0\0\0\0\0\0\0\0\0\0\0\0\0\0\0\0\0\0\0\0\0\0\0\0\0\0\0\0\0\0\0\0\0\0\0\0\0\0\0\0\0\0\0\0\0\0\0\0\0\0\0\0\0\0\0\0\0\0\0\0\0\0\0\0\0\0\0\0\0\0\0\0\0\0\0\0\0\0\0\0\0\0\0\0\0\0\0\0\0\0\0\0\0\0\0\0\0\0\0\0\0\0\0\0\0\0\0\0\0\0\0\0\0\0\0\0\0\0\0\0\0\0\0\0\0\0\0\0\0\0\0\0\0\0\0\0\0\0\0\0\0\0\0\0\0\0\0\0\0\0\0\0\0\0\0\0\0\0\0\0\0\0\0\0\0\0\0\0\0\0\0\0\0\0\0\0\0\0\0\0\0\0\0\0\0\0\0\0\0\0\0\0\0\0\0\0\0\0\0\0\0\0\0\0\0\0\0\0\0\0\0\0\0\0\0\0\0\0\0\0\0\0\0\0\0\0\0\0\0\0\0\0\0\0\0\0\0\0\0\0\0\0\0\0\0\0\0\0\0\0\0\0\0\0\0\0\0\0\0\0\0\0\0\0\0\0\0\0\0\0\0\0\0\0\0\0\0\0\0\0\0\0\0\0\0\0\0\0\0\0\0\0\0\0\0\0\0\0\0\0\0\0\0\0\0\0\0\0\0\0\0\0\0\0\0\0\0\0\0\0\0\0\0\0\0\0\0\0\0\0\0\0\0\0\0\0\0\0\0\0\0\0\0\0\0\0\0\0\0\0\0\0\0\0\0\0\0\0\0\0\0\0\0\0\0\0\0\0\0\0\0\0\0\0\0\0\0\0\0\0\0\0\0\0\0\0\0\0\0\0\0\0\0\0\0\0\0\0\0\0\0\0\0\0\0\0\0\0\0\0\0\0\0\0\0\0\0\0\0\0\0\0\0\0\0\0\0\0\0\0\0\0\0\0\0\0\0\0\0\0\0\0\0\0\0\0\0\0\0\0\0\0\0\0\0\0\0\0\0\0\0\0\0\0\0\0\0\0\0\0\0\0\0\0\0\0\0\0\0\0\0\0\0\0\0\0\0\0\0\0\0\0\0\0\0\0\0\0\0\0\0\0\0\0\0\0\0\0\0\0\0\0\0\0\0\0\0\0\0\0\0\0\0\0\0\0\0\0\0\0\0\0\0\0\0\0\0\0\0\0\0\0\0\0\0\0\0\0\0\0\0\0\0\0\0\0\0\0\0\0\0\0\0\0\0\0\0\0\0\0\0\0\0\0\0\0\0\0\0\0\0\0\0\0\0\0\0\0\0\0\0\0\0\0\0\0\0\0\0\0\0\0\0\0\0\0\0\0\0\0\0\0\0\0\0\0\0\0\0\0\0\0\0\0\0\0\0\0\0\0\0\0\0\0\0\0\0\0\0\0\0\0\0\0\0\0\0\0\0\0\0\0\0\0\0\0\0\0\0\0\0\0\0\0\0\0\0\0\0\0\0\0\0\0\0\0\0\0\0\0\0\0\0\0\0\0\0\0\0\0\0\0\0\0\0\0\0\0\0\0\0\0\0\0\0\0\0\0\0\0\0\0\0\0\0\0\0\0\0\0\0\0\0\0\0\0\0\0\0\0\0\0\0\0\0\0\0\0\0\0\0\0\0\0\0\0\0\0\0\0\0\0\0\0\0\0\0\0\0\0\0\0\0\0\0\0\0\0\0\0\0\0\0\0\0\0\0\0\0\0\0\0\0\0\0\0\0\0\0\0\0\0\0\0\0\0\0\0\0\0\0\0\0\0\0\0\0\0\0\0\0\0\0\0\0\0\0\0\0\0\0\0\0\0\0\0\0\0\0\0\0\0\0\0\0\0\0\0\0\0\0\0\0\0\0\0\0\0\0\0\0\0\0\0\0\0\0\0\0\0\0\0\0\0\0\0\0\0\0\0\0\0\0\0\0\0\0\0\0\0\0\0\0\0\0\0\0\0\0\0\0\0\0\0\0\0\0\0\0\0\0\0\0\0\0\0\0\0\0\0\0\0\0\0\0\0\0\0\0\0\0\0\0\0\0\0\0\0\0\0\0\0\0\0\0\0\0\0\0\0\0\0\0\0\0\0\0\0\0\0\0\0\0\0\0\0\0\0\0\0\0\0\0\0\0\0\0\0\0\0\0\0\0\0\0\0\0\0\0\0\0\0\0\0\0\0\0\0\0\0\0\0\0\0\0\0\0\0\0\0\0\0\0\0\0\0\0\0\0\0\0\0\0\0\0\0\0\0\0\0\0\0\0\0\0\0\0\0\0\0\0\0\0\0\0\0\0\0\0\0\0\0\0\0\0\0\0\0\0\0\0\0\0\0\0\0\0\0\0\0\0\0\0\0\0\0\0\0\0\0\0\0\0\0\0\0\0\0\0\0\0\0\0\0\0\0\0\0\0\0\0\0\0\0\0\0\0\0\0\0\0\0\0\0\0\0\0\0\0\0\0\0\0\0\0\0\0\0\0\0\0\0\0\0\0\0\0\0\0\0\0\0\0\0\0\0\0\0\0\0\0\0\0\0\0\0\0\0\0\0\0\0\0\0\0\0\0\0\0\0\0\0\0\0\0\0\0\0\0\0\0\0\0\0\0\0\0\0\0\0\0\0\0\0\0\0\0\0\0\0\0\0\0\0\0\0\0\0\0\0\0\0\0\0\0\0\0\0\0\0\0\0\0\0\0\0\0\0\0\0\0\0\0\0\0\0\0\0\0\0\0\0\0\0\0\0\0\0\0\0\0\0\0\0\0\0\0\0\0\0\0\0\0\0\0\0\0\0\0\0\0\0\0\0\0\0\0\0\0\0\0\0\0\0\0\0\0\0\0\0\0\0\0\0\0\0\0\0\0\0\0\0\0\0\0\0\0\0\0\0\0\0\0\0\0\0\0\0\0\0\0\0\0\0\0\0\0\0\0\0\0\0\0\0\0\0\0\0\0\0\0\0\0\0\0\0\0\0\0\0\0\0\0\0\0\0\0\0\0\0\0\0\0\0\0\0\0\0\0\0\0\0\0\0\0\0\0\0\0\0\0\0\0\0\0\0\0\0\0\0\0\0\0\0\0\0\0\0\0\0\0\0\0\0\0\0\0\0\0\0\0\0\0\0\0\0\0\0\0\0\0\0\0\0\0\0\0\0\0\0\0\0\0\0\0\0\0\0\0\0\0\0\0\0\0\0\0\0\0\0\0\0\0\0\0\0\0\0\0\0\0\0\0\0\0\0\0\0\0\0\0\0\0\0\0\0\0\0\0\0\0\0\0\0\0\0\0\0\0\0\0\0\0\0\0\0\0\0\0\0\0\0\0\0\0\0\0\0\0\0\0\0\0\0\0\0\0\0\0\0\0\0\0\0\0\0\0\0\0\0\0\0\0\0\0\0\0\0\0\0\0\0\0\0\0\0\0\0\0\0\0\0\0\0\0\0\0\0\0\0\0\0\0\0\0\0\0\0\0\0\0\0\0\0\0\0\0\0\0\0\0\0\0\0\0\0\0\0\0\0\0\0\0\0\0\0\0\0\0\0\0\0\0\0\0\0\0\0\0\0\0\0\0\0\0\0\0\0\0\0"..., iov_len=130432}], 3) = 130473
writev(3, [{iov_base="\1", iov_len=1}, {iov_base="\240\375\1\0\0\0\0\0\374R\3\0\0\0\0\0\1\0\0\0", iov_len=20}, {iov_base="\1", iov_len=1}, {iov_base="\300\376\1\0\0\0\0\0\352b\2\0\0\0\0\0\1\0\0\0", iov_len=20}, {iov_base="\1", iov_len=1}, {iov_base="P\377\1\0\0\0\0\0\27\302\3\0\0\0\0\0\1\0\0\0", iov_len=20}, {iov_base="\1", iov_len=1}, {iov_base="P\t\2\0\0\0\0\0u\365\1\0\0\0\0\0\1\0\0\0", iov_len=20}, {iov_base="\1", iov_len=1}, {iov_base="\340\t\2\0\0\0\0\0h\26\3\0\0\0\0\0\1\0\0\0", iov_len=20}, {iov_base="\1", iov_len=1}, {iov_base="@\16\2\0\0\0\0\0(\260\2\0\0\0\0\0\1\0\0\0", iov_len=20}, {iov_base="\1", iov_len=1}, {iov_base="\200\20\2\0\0\0\0\0O\6\2\0\0\0\0\0\1\0\0\0", iov_len=20}, {iov_base="\1", iov_len=1}, {iov_base="\240\20\2\0\0\0\0\0\250\33\3\0\0\0\0\0\1\0\0\0", iov_len=20}, {iov_base="\1", iov_len=1}, {iov_base="\360\22\2\0\0\0\0\0\7c\3\0\0\0\0\0\1\0\0\0", iov_len=20}, {iov_base="\1", iov_len=1}, {iov_base=" \24\2\0\0\0\0\0\n\371\1\0\0\0\0\0\1\0\0\0", iov_len=20}, {iov_base="\1", iov_len=1}, {iov_base="`\25\2\0\0\0\0\0l)\2\0\0\0\0\0\1\0\0\0", iov_len=20}, {iov_base="\1", iov_len=1}, {iov_base="\0\32\2\0\0\0\0\0q\356\2\0\0\0\0\0\1\0\0\0", iov_len=20}, {iov_base="\1", iov_len=1}, {iov_base="\20\33\2\0\0\0\0\0/\17\3\0\0\0\0\0\1\0\0\0", iov_len=20}, {iov_base="\1", iov_len=1}, {iov_base="\300\33\2\0\0\0\0\0~\357\1\0\0\0\0\0\1\0\0\0", iov_len=20}, {iov_base="\1", iov_len=1}, {iov_base="@\34\2\0\0\0\0\0*\331\2\0\0\0\0\0\1\0\0\0", iov_len=20}, {iov_base="\1", iov_len=1}, {iov_base="\0\35\2\0\0\0\0\0$\v\2\0\0\0\0\0\1\0\0\0", iov_len=20}, {iov_base="\1", iov_len=1}, {iov_base="\0(\2\0\0\0\0\0\327\37\2\0\0\0\0\0\1\0\0\0", iov_len=20}, {iov_base="\1", iov_len=1}, {iov_base="\0)\2\0\0\0\0\0\327\37\2\0\0\0\0\0\1\0\0\0", iov_len=20}, {iov_base="\1", iov_len=1}, {iov_base="\260N\2\0\0\0\0\0MI\2\0\0\0\0\0\1\0\0\0", iov_len=20}, {iov_base="\1", iov_len=1}, {iov_base="\20O\2\0\0\0\0\0\376\246\2\0\0\0\0\0\1\0\0\0", iov_len=20}, {iov_base="\1", iov_len=1}, {iov_base=" O\2\0\0\0\0\0MI\2\0\0\0\0\0\1\0\0\0", iov_len=20}, {iov_base="\1", iov_len=1}, {iov_base=" b\2\0\0\0\0\0HF\2\0\0\0\0\0\1\0\0\0", iov_len=20}, {iov_base="\1", iov_len=1}, {iov_base="\220d\2\0\0\0\0\0MI\2\0\0\0\0\0\1\0\0\0", iov_len=20}, {iov_base="\1", iov_len=1}, {iov_base=" e\2\0\0\0\0\0MI\2\0\0\0\0\0\1\0\0\0", iov_len=20}, {iov_base="\1", iov_len=1}, {iov_base="\340e\2\0\0\0\0\0`\234\2\0\0\0\0\0\1\0\0\0", iov_len=20}, {iov_base="\1", iov_len=1}, {iov_base=" g\2\0\0\0\0\0\260\206\2\0\0\0\0\0\1\0\0\0", iov_len=20}, {iov_base="\1", iov_len=1}, {iov_base="0g\2\0\0\0\0\0MI\2\0\0\0\0\0\1\0\0\0", iov_len=20}, {iov_base="\1", iov_len=1}, {iov_base=" h\2\0\0\0\0\0MI\2\0\0\0\0\0\1\0\0\0", iov_len=20}, {iov_base="\1", iov_len=1}, {iov_base="P\213\2\0\0\0\0\0MI\2\0\0\0\0\0\1\0\0\0", iov_len=20}, {iov_base="\1", iov_len=1}, {iov_base="\300\213\2\0\0\0\0\0n\236\2\0\0\0\0\0\1\0\0\0", iov_len=20}, {iov_base="\1", iov_len=1}, {iov_base="\320\213\2\0\0\0\0\0MI\2\0\0\0\0\0\1\0\0\0", iov_len=20}, {iov_base="\1", iov_len=1}, {iov_base="\240\235\2\0\0\0\0\0\301\312\2\0\0\0\0\0\1\0\0\0", iov_len=20}], 64) = 672
writev(3, [{iov_base="\1", iov_len=1}, {iov_base="\300\240\2\0\0\0\0\0\301\312\2\0\0\0\0\0\1\0\0\0", iov_len=20}, {iov_base="\1", iov_len=1}, {iov_base="@\251\2\0\0\0\0\0\301\312\2\0\0\0\0\0\1\0\0\0", iov_len=20}, {iov_base="\1", iov_len=1}, {iov_base="\300\263\2\0\0\0\0\0\301\312\2\0\0\0\0\0\1\0\0\0", iov_len=20}, {iov_base="\1", iov_len=1}, {iov_base="@\311\2\0\0\0\0\0\352%\2\0\0\0\0\0\1\0\0\0", iov_len=20}, {iov_base="\1", iov_len=1}, {iov_base="\20\336\2\0\0\0\0\0\301\312\2\0\0\0\0\0\1\0\0\0", iov_len=20}, {iov_base="\1", iov_len=1}, {iov_base="\20\337\2\0\0\0\0\0\336\314\2\0\0\0\0\0\1\0\0\0", iov_len=20}, {iov_base="\1", iov_len=1}, {iov_base="\240\337\2\0\0\0\0\0\17\321\2\0\0\0\0\0\1\0\0\0", iov_len=20}, {iov_base="\1", iov_len=1}, {iov_base="0\20\3\0\0\0\0\0004\364\2\0\0\0\0\0\1\0\0\0", iov_len=20}, {iov_base="\1", iov_len=1}, {iov_base=" \21\3\0\0\0\0\0M\371\2\0\0\0\0\0\1\0\0\0", iov_len=20}, {iov_base="\1", iov_len=1}, {iov_base="\260\24\3\0\0\0\0\0d\n\3\0\0\0\0\0\1\0\0\0", iov_len=20}, {iov_base="\1", iov_len=1}, {iov_base="\320<\3\0\0\0\0\0006@\3\0\0\0\0\0\1\0\0\0", iov_len=20}, {iov_base="\1", iov_len=1}, {iov_base="\360<\3\0\0\0\0\0\203>\3\0\0\0\0\0\1\0\0\0", iov_len=20}, {iov_base="\1", iov_len=1}, {iov_base="\240i\3\0\0\0\0\0001m\3\0\0\0\0\0\1\0\0\0", iov_len=20}, {iov_base="\1", iov_len=1}, {iov_base="0k\3\0\0\0\0\0001m\3\0\0\0\0\0\1\0\0\0", iov_len=20}, {iov_base="\1", iov_len=1}, {iov_base="\260\303\3\0\0\0\0\0h\26\3\0\0\0\0\0\1\0\0\0", iov_len=20}, {iov_base="\1", iov_len=1}, {iov_base="\320\303\3\0\0\0\0\0\253\304\3\0\0\0\0\0\1\0\0\0", iov_len=20}, {iov_base="\1", iov_len=1}, {iov_base="\240\325\3\0\0\0\0\0006@\3\0\0\0\0\0\1\0\0\0", iov_len=20}, {iov_base="\1", iov_len=1}, {iov_base="\300\325\3\0\0\0\0\0\203>\3\0\0\0\0\0\1\0\0\0", iov_len=20}], 36) = 378
close(3)                                = 0
getpid()                                = 71838
openat(AT_FDCWD, "/home/louise/BCIT/comp4985-internetworking/project-client/build/CMakeFiles/main.dir/src/packet.c.gcda", O_RDWR|O_CREAT, 0666) = 3
fcntl(3, F_SETLKW, {l_type=F_WRLCK, l_whence=SEEK_SET, l_start=0, l_len=0}) = 0
fcntl(3, F_GETFL)                       = 0x8002 (flags O_RDWR|O_LARGEFILE)
fstat(3, {st_mode=S_IFREG|0664, st_size=2364, ...}) = 0
read(3, "adcg*33Bc\375\30\221u\5\343\227\0\0\0\241\10\0\0\0\4\0\0\0\340\4\0\0\0\0\0\1\f\0\0\0S,jf\365\214\3723\27\377\315\261\0\0\241\18\1\0\0\2\0\0\0\0\0\0\0\0\0\0\0\0\0\0\0\2\0\0\0\0\0\0\0\2\0\0\0\0\0\0\0\2\0\0\0\0\0\0\0\2\0\0\0\0\0\0\0\2\0\0\0\0\0\0\0\2\0\0\0\0\0\0\0\2\0\0\0\0\0\0\0\2\0\0\0\0\0\0\0\2\0\0\0\0\0\0\0\2\0\0\0\0\0\0\0\2\0\0\0\0\0\0\0\2\0\0\0\0\0\0\0\2\0\0\0\0\0\0\0\2\0\0\0\0\0\0\0\2\0\0\0\0\0\0\0\2\0\0\0\0\0\0\0\2\0\0\0\0\0\0\0\2\0\0\0\0\0\0\0\2\0\0\0\0\0\0\0\2\0\0\0\0\0\0\0\2\0\0\0\0\0\0\0\2\0\0\0\0\0\0\0\2\0\0\0\0\0\0\0\2\0\0\0\0\0\0\0\2\0\0\0\0\0\0\0\2\0\0\0\0\0\0\0\2\0\0\0\0\0\0\0\2\0\0\0\0\0\0\0\2\0\0\0\0\0\0\0\2\0\0\0\0\0\0\0\2\0\0\0\0\0\0\0\2\0\0\0\0\0\0\0\2\0\0\0\0\0\0\0\2\0\0\0\0\0\0\0\2\0\0\0\0\0\0\0\2\0\0\0\0\0\0\0\2\0\0\0\0\0\0\0\0\0\0\1\f\0\0\0\252\253Y!\250\324\365\267w\321\220Y\0\0\241\1`\0\0\0\2\0\0\0\0\0\0\0\0\0\0\0\0\0\0\0\2\0\0\0\0\0\0\0\2\0\0\0\0\0\0\0\2\0\0\0\0\0\0\0\2\0\0\0\0\0\0\0\2\0\0\0\0\0\0\0\2\0\0\0\0\0\0\0\2\0\0\0\0\0\0\0\2\0\0\0\0\0\0\0\2\0\0\0\0\0\0\0\2\0\0\0\0\0\0\0\0\0\0\1\f\0\0\0\236\233\356i\373\312c\354B\270\276\311\0\0\241\1\340\376\377\377\0\0\0\1\f\0\0\0\275H\252p\350\273\304\204=\335QN\0\0\241\1\230\376\377\377\0\0\0\1\f\0\0\0\222f\2729\224\255\177\214x\265\17\26\0\0\241\1\350\375\377\377\0\0\0\1\f\0\0\0\367\260s~\232\216\327\306.\305\377s\0\0\241\1h\377\377\377\0\0\0\1\f\0\0\0\316\vGk\234\24\216(qXs\334\0\0\241\1x\377\377\377\0\0\0\1\f\0\0\0\355\32k7\27}\330\333\375\33%\300\0\0\241\1\210\377\377\377\0\0\0\1\f\0\0\0\277\25<\\\314K\277\215\230\374\264\242\0\0\241\1\220\377\377\377\0\0\0\1\f\0\0\0<\234L/\273\332\331a\375\33%\300\0\0\241\1x\0\0\0\4\0\0\0\0\0\0\0\0\0\0\0\0\0\0\0\2\0\0\0\0\0\0\0\2\0\0\0\0\0\0\0\2\0\0\0\0\0\0\0\4\0\0\0\0\0\0\0\4\0\0\0\0\0\0\0\4\0\0\0\0\0\0\0\4\0\0\0\0\0\0\0\4\0\0\0\0\0\0\0\4\0\0\0\0\0\0\0\4\0\0\0\0\0\0\0\2\0\0\0\0\0\0\0\2\0\0\0\0\0\0\0\2\0\0\0\0\0\0\0\0\0\0\1\f\0\0\0\221\210\277(\t\212y\354\2=|\341\0\0\241\1\350\0\0\0\2\0\0\0\0\0\0\0\0\0\0\0\0\0\0\0\2\0\0\0\0\0\0\0\2\0\0\0\0\0\0\0\2\0\0\0\0\0\0\0\2\0\0\0\0\0\0\0\2\0\0\0\0\0\0\0\2\0\0\0\0\0\0\0\2\0\0\0\0\0\0\0\2\0\0\0\0\0\0\0\0\0\0\0\0\0\0\0\2\0\0\0\0\0\0\0\0\0\0\0\0\0\0\0\0\0\0\0\0\0\0\0\2\0\0\0\0\0\0\0\2\0\0\0\0\0\0\0\0\0\0\0\0\0\0\0\2\0\0\0\0\0\0\0\0\0\0\0\0\0\0\0\0\0\0\0\0\0\0\0\2\0\0\0\0\0\0\0\2\0\0\0\0\0\0\0\2\0\0\0\0\0\0\0\2\0\0\0\0\0\0\0\2\0\0\0\0\0\0\0\2\0\0\0\0\0\0\0\2\0\0\0\0\0\0\0\2\0\0\0\0\0\0\0\2\0\0\0\0\0\0\0\0\0\0\1\f\0\0\0\23\303\337\0O\316\f\212\241F+@\0\0\241\1h\377\377\377\0\0\0\1\f\0\0\0\6\335<+\334\373\243\331\214\237\255?\0\0\241\1\230\377\377\377\0\0\0\1\f\0\0\0\26\305\374\f\214\344\267\26\357N\252W\0\0\241\1\230\377\377\377\0\0\0\1\f\0\0\0,+\30N\3646\213\352\375\33%\300\0\0\241\1x\0\0\0\2\0\0\0\0\0\0\0\0\0\0\0\0\0\0\0\2\0\0\0\0\0\0\0\2\0\0\0\0\0\0\0\2\0\0\0\0\0\0\0\2\0\0\0\0\0\0\0\2\0\0\0\0\0\0\0\2\0\0\0\0\0\0\0\2\0\0\0\0\0\0\0\2\0\0\0\0\0\0\0\2\0\0\0\0\0\0\0\2\0\0\0\0\0\0\0\2\0\0\0\0\0\0\0\2\0\0\0\0\0\0\0\2\0\0\0\0\0\0\0\0\0\0\1\f\0\0\0|a\3472+\24\7\344X\325\213x\0\0\241\1\240\376\377\377\0\0\0\1\f\0\0\0DNs\4dt\200{N\261\3\310\0\0\241\1p\0\0\0\4\0\0\0\0\0\0\0\0\0\0\0\0\0\0\0\2\0\0\0\0\0\0\0\2\0\0\0\0\0\0\0\4\0\0\0\0\0\0\0004\0\0\0\0\0\0\0004\0\0\0\0\0\0\0\0\0\0\0\0\0\0\0004\0\0\0\0\0\0\0\4\0\0\0\0\0\0\0\4\0\0\0\0\0\0\0\2\0\0\0\0\0\0\0\2\0\0\0\0\0\0\0\2\0\0\0\0\0\0\0\0\0\0\1\f\0\0\0\367 D\24\373\200\223\204\315\0J\v\0\0\241\1X\0\0\0\4\0\0\0\0\0\0\0\0\0\0\0\0\0\0\0\2\0\0\0\0\0\0\0\2\0\0\0\0\0\0\0\2\0\0\0\0\0\0\0\4\0\0\0\0\0\0\0\0\0\0\0\0\0\0\0\0\0\0\0\0\0\0\0\2\0\0\0\0\0\0\0\2\0\0\0\0\0\0\0\2\0\0\0\0\0\0\0\0\0\0\1\f\0\0\0'O\10\0000\371\300:\234\307\33\366\0\0\241\18\2\0\0\2\0\0\0\0\0\0\0\0\0\0\0\0\0\0\0\2\0\0\0\0\0\0\0\2\0\0\0\0\0\0\0\2\0\0\0\0\0\0\0\2\0\0\0\0\0\0\0\2\0\0\0\0\0\0\0\2\0\0\0\0\0\0\0\2\0\0\0\0\0\0\0\2\0\0\0\0\0\0\0\2\0\0\0\0\0\0\0\2\0\0\0\0\0\0\0\2\0\0\0\0\0\0\0\2\0\0\0\0\0\0\0\2\0\0\0\0\0\0\0\2\0\0\0\0\0\0\0\2\0\0\0\0\0\0\0\2\0\0\0\0\0\0\0\2\0\0\0\0\0\0\0\2\0\0\0\0\0\0\0\2\0\0\0\0\0\0\0\2\0\0\0\0\0\0\0\2\0\0\0\0\0\0\0\2\0\0\0\0\0\0\0\2\0\0\0\0\0\0\0\2\0\0\0\0\0\0\0\2\0\0\0\0\0\0\0\2\0\0\0\0\0\0\0\2\0\0\0\0\0\0\0\2\0\0\0\0\0\0\0\2\0\0\0\0\0\0\0\2\0\0\0\0\0\0\0\2\0\0\0\0\0\0\0\2\0\0\0\0\0\0\0\2\0\0\0\0\0\0\0\2\0\0\0\0\0\0\0\2\0\0\0\0\0\0\0\2\0\0\0\0\0\0\0\2\0\0\0\0\0\0\0\0\0\0\0\0\0\0\0\2\0\0\0\0\0\0\0\2\0\0\0\0\0\0\0\2\0\0\0\0\0\0\0\2\0\0\0\0\0\0\0\2\0\0\0\0\0\0\0\2\0\0\0\0\0\0\0\0\0\0\0\0\0\0\0\0\0\0\0\0\0\0\0\2\0\0\0\0\0\0\0\2\0\0\0\0\0\0\0\2\0\0\0\0\0\0\0\2\0\0\0\0\0\0\0\2\0\0\0\0\0\0\0\0\0\0\0\0\0\0\0\2\0\0\0\0\0\0\0\2\0\0\0\0\0\0\0\2\0\0\0\0\0\0\0\2\0\0\0\0\0\0\0\2\0\0\0\0\0\0\0\2\0\0\0\0\0\0\0\0\0\0\0\0\0\0\0\0\0\0\0\0\0\0\0\2\0\0\0\0\0\0\0\2\0\0\0\0\0\0\0\2\0\0\0\0\0\0\0\2\0\0\0\0\0\0\0\2\0\0\0\0\0\0\0\2\0\0\0\0\0\0\0\2\0\0\0\0\0\0\0\2\0\0\0\0\0\0\0\2\0\0\0\0\0\0\0\0\0\0\1\f\0\0\0\231\22+\34D#\355\6\375\33%\300\0\0\241\1x\0\0\0\4\0\0\0\0\0\0\0\0\0\0\0\0\0\0\0\2\0\0\0\0\0\0\0\2\0\0\0\0\0\0\0\2\0\0\0\0\0\0\0\4\0\0\0\0\0\0\0\4\0\0\0\0\0\0\0\4\0\0\0\0\0\0\0\4\0\0\0\0\0\0\0\4\0\0\0\0\0\0\0\4\0\0\0\0\0\0\0\4\0\0\0\0\0\0\0\2\0\0\0\0\0\0\0\2\0\0\0\0\0\0\0\2\0\0\0\0\0\0\0\0\0\0\0", 4096) = 2364
lseek(3, 0, SEEK_SET)                   = 0
write(3, "adcg*33Bc\375\30\221u\5\343\227\0\0\0\241\10\0\0\0\5\0\0\0\372\4\0\0\0\0\0\1\f\0\0\0S,jf\365\214\3723\27\377\315\261\0\0\241\18\1\0\0\3\0\0\0\0\0\0\0\0\0\0\0\0\0\0\0\3\0\0\0\0\0\0\0\3\0\0\0\0\0\0\0\3\0\0\0\0\0\0\0\3\0\0\0\0\0\0\0\3\0\0\0\0\0\0\0\3\0\0\0\0\0\0\0\3\0\0\0\0\0\0\0\3\0\0\0\0\0\0\0\3\0\0\0\0\0\0\0\3\0\0\0\0\0\0\0\3\0\0\0\0\0\0\0\3\0\0\0\0\0\0\0\3\0\0\0\0\0\0\0\3\0\0\0\0\0\0\0\3\0\0\0\0\0\0\0\3\0\0\0\0\0\0\0\3\0\0\0\0\0\0\0\3\0\0\0\0\0\0\0\3\0\0\0\0\0\0\0\3\0\0\0\0\0\0\0\3\0\0\0\0\0\0\0\3\0\0\0\0\0\0\0\3\0\0\0\0\0\0\0\3\0\0\0\0\0\0\0\3\0\0\0\0\0\0\0\3\0\0\0\0\0\0\0\3\0\0\0\0\0\0\0\3\0\0\0\0\0\0\0\3\0\0\0\0\0\0\0\3\0\0\0\0\0\0\0\3\0\0\0\0\0\0\0\3\0\0\0\0\0\0\0\3\0\0\0\0\0\0\0\3\0\0\0\0\0\0\0\3\0\0\0\0\0\0\0\3\0\0\0\0\0\0\0\3\0\0\0\0\0\0\0\0\0\0\1\f\0\0\0\252\253Y!\250\324\365\267w\321\220Y\0\0\241\1`\0\0\0\3\0\0\0\0\0\0\0\0\0\0\0\0\0\0\0\3\0\0\0\0\0\0\0\3\0\0\0\0\0\0\0\3\0\0\0\0\0\0\0\3\0\0\0\0\0\0\0\3\0\0\0\0\0\0\0\3\0\0\0\0\0\0\0\3\0\0\0\0\0\0\0\3\0\0\0\0\0\0\0\3\0\0\0\0\0\0\0\3\0\0\0\0\0\0\0\0\0\0\1\f\0\0\0\236\233\356i\373\312c\354B\270\276\311\0\0\241\1\340\376\377\377\0\0\0\1\f\0\0\0\275H\252p\350\273\304\204=\335QN\0\0\241\1\230\376\377\377\0\0\0\1\f\0\0\0\222f\2729\224\255\177\214x\265\17\26\0\0\241\1\350\375\377\377\0\0\0\1\f\0\0\0\367\260s~\232\216\327\306.\305\377s\0\0\241\1h\377\377\377\0\0\0\1\f\0\0\0\316\vGk\234\24\216(qXs\334\0\0\241\1x\377\377\377\0\0\0\1\f\0\0\0\355\32k7\27}\330\333\375\33%\300\0\0\241\1\210\377\377\377\0\0\0\1\f\0\0\0\277\25<\\\314K\277\215\230\374\264\242\0\0\241\1\220\377\377\377\0\0\0\1\f\0\0\0<\234L/\273\332\331a\375\33%\300\0\0\241\1x\0\0\0\6\0\0\0\0\0\0\0\0\0\0\0\0\0\0\0\3\0\0\0\0\0\0\0\3\0\0\0\0\0\0\0\3\0\0\0\0\0\0\0\6\0\0\0\0\0\0\0\6\0\0\0\0\0\0\0\6\0\0\0\0\0\0\0\6\0\0\0\0\0\0\0\6\0\0\0\0\0\0\0\6\0\0\0\0\0\0\0\6\0\0\0\0\0\0\0\3\0\0\0\0\0\0\0\3\0\0\0\0\0\0\0\3\0\0\0\0\0\0\0\0\0\0\1\f\0\0\0\221\210\277(\t\212y\354\2=|\341\0\0\241\1\350\0\0\0\3\0\0\0\0\0\0\0\0\0\0\0\0\0\0\0\3\0\0\0\0\0\0\0\3\0\0\0\0\0\0\0\3\0\0\0\0\0\0\0\3\0\0\0\0\0\0\0\3\0\0\0\0\0\0\0\3\0\0\0\0\0\0\0\3\0\0\0\0\0\0\0\3\0\0\0\0\0\0\0\0\0\0\0\0\0\0\0\3\0\0\0\0\0\0\0\0\0\0\0\0\0\0\0\0\0\0\0\0\0\0\0\3\0\0\0\0\0\0\0\3\0\0\0\0\0\0\0\0\0\0\0\0\0\0\0\3\0\0\0\0\0\0\0\0\0\0\0\0\0\0\0\0\0\0\0\0\0\0\0\3\0\0\0\0\0\0\0\3\0\0\0\0\0\0\0\3\0\0\0\0\0\0\0\3\0\0\0\0\0\0\0\3\0\0\0\0\0\0\0\3\0\0\0\0\0\0\0\3\0\0\0\0\0\0\0\3\0\0\0\0\0\0\0\3\0\0\0\0\0\0\0\0\0\0\1\f\0\0\0\23\303\337\0O\316\f\212\241F+@\0\0\241\1h\377\377\377\0\0\0\1\f\0\0\0\6\335<+\334\373\243\331\214\237\255?\0\0\241\1\230\377\377\377\0\0\0\1\f\0\0\0\26\305\374\f\214\344\267\26\357N\252W\0\0\241\1\230\377\377\377\0\0\0\1\f\0\0\0,+\30N\3646\213\352\375\33%\300\0\0\241\1x\0\0\0\3\0\0\0\0\0\0\0\0\0\0\0\0\0\0\0\3\0\0\0\0\0\0\0\3\0\0\0\0\0\0\0\3\0\0\0\0\0\0\0\3\0\0\0\0\0\0\0\3\0\0\0\0\0\0\0\3\0\0\0\0\0\0\0\3\0\0\0\0\0\0\0\3\0\0\0\0\0\0\0\3\0\0\0\0\0\0\0\3\0\0\0\0\0\0\0\3\0\0\0\0\0\0\0\3\0\0\0\0\0\0\0\3\0\0\0\0\0\0\0\0\0\0\1\f\0\0\0|a\3472+\24\7\344X\325\213x\0\0\241\1\240\376\377\377\0\0\0\1\f\0\0\0DNs\4dt\200{N\261\3\310\0\0\241\1p\0\0\0\6\0\0\0\0\0\0\0\0\0\0\0\0\0\0\0\3\0\0\0\0\0\0\0\3\0\0\0\0\0\0\0\6\0\0\0\0\0\0\0N\0\0\0\0\0\0\0N\0\0\0\0\0\0\0\0\0\0\0\0\0\0\0N\0\0\0\0\0\0\0\6\0\0\0\0\0\0\0\6\0\0\0\0\0\0\0\3\0\0\0\0\0\0\0\3\0\0\0\0\0\0\0\3\0\0\0\0\0\0\0\0\0\0\1\f\0\0\0\367 D\24\373\200\223\204\315\0J\v\0\0\241\1X\0\0\0\6\0\0\0\0\0\0\0\0\0\0\0\0\0\0\0\3\0\0\0\0\0\0\0\3\0\0\0\0\0\0\0\3\0\0\0\0\0\0\0\6\0\0\0\0\0\0\0\0\0\0\0\0\0\0\0\0\0\0\0\0\0\0\0\3\0\0\0\0\0\0\0\3\0\0\0\0\0\0\0\3\0\0\0\0\0\0\0\0\0\0\1\f\0\0\0'O\10\0000\371\300:\234\307\33\366\0\0\241\18\2\0\0\3\0\0\0\0\0\0\0\0\0\0\0\0\0\0\0\3\0\0\0\0\0\0\0\3\0\0\0\0\0\0\0\3\0\0\0\0\0\0\0\3\0\0\0\0\0\0\0\3\0\0\0\0\0\0\0\3\0\0\0\0\0\0\0\3\0\0\0\0\0\0\0\3\0\0\0\0\0\0\0\3\0\0\0\0\0\0\0\3\0\0\0\0\0\0\0\3\0\0\0\0\0\0\0\3\0\0\0\0\0\0\0\3\0\0\0\0\0\0\0\3\0\0\0\0\0\0\0\3\0\0\0\0\0\0\0\3\0\0\0\0\0\0\0\3\0\0\0\0\0\0\0\3\0\0\0\0\0\0\0\3\0\0\0\0\0\0\0\3\0\0\0\0\0\0\0\3\0\0\0\0\0\0\0\3\0\0\0\0\0\0\0\3\0\0\0\0\0\0\0\3\0\0\0\0\0\0\0\3\0\0\0\0\0\0\0\3\0\0\0\0\0\0\0\3\0\0\0\0\0\0\0\3\0\0\0\0\0\0\0\3\0\0\0\0\0\0\0\3\0\0\0\0\0\0\0\3\0\0\0\0\0\0\0\3\0\0\0\0\0\0\0\3\0\0\0\0\0\0\0\3\0\0\0\0\0\0\0\3\0\0\0\0\0\0\0\3\0\0\0\0\0\0\0\3\0\0\0\0\0\0\0\0\0\0\0\0\0\0\0\3\0\0\0\0\0\0\0\3\0\0\0\0\0\0\0\3\0\0\0\0\0\0\0\3\0\0\0\0\0\0\0\3\0\0\0\0\0\0\0\3\0\0\0\0\0\0\0\0\0\0\0\0\0\0\0\0\0\0\0\0\0\0\0\3\0\0\0\0\0\0\0\3\0\0\0\0\0\0\0\3\0\0\0\0\0\0\0\3\0\0\0\0\0\0\0\3\0\0\0\0\0\0\0\0\0\0\0\0\0\0\0\3\0\0\0\0\0\0\0\3\0\0\0\0\0\0\0\3\0\0\0\0\0\0\0\3\0\0\0\0\0\0\0\3\0\0\0\0\0\0\0\3\0\0\0\0\0\0\0\0\0\0\0\0\0\0\0\0\0\0\0\0\0\0\0\3\0\0\0\0\0\0\0\3\0\0\0\0\0\0\0\3\0\0\0\0\0\0\0\3\0\0\0\0\0\0\0\3\0\0\0\0\0\0\0\3\0\0\0\0\0\0\0\3\0\0\0\0\0\0\0\3\0\0\0\0\0\0\0\3\0\0\0\0\0\0\0\0\0\0\1\f\0\0\0\231\22+\34D#\355\6\375\33%\300\0\0\241\1x\0\0\0\6\0\0\0\0\0\0\0\0\0\0\0\0\0\0\0\3\0\0\0\0\0\0\0\3\0\0\0\0\0\0\0\3\0\0\0\0\0\0\0\6\0\0\0\0\0\0\0\6\0\0\0\0\0\0\0\6\0\0\0\0\0\0\0\6\0\0\0\0\0\0\0\6\0\0\0\0\0\0\0\6\0\0\0\0\0\0\0\6\0\0\0\0\0\0\0\3\0\0\0\0\0\0\0\3\0\0\0\0\0\0\0\3\0\0\0\0\0\0\0\0\0\0\0", 2364) = 2364
close(3)                                = 0
getpid()                                = 71838
openat(AT_FDCWD, "/home/louise/BCIT/comp4985-internetworking/project-client/build/CMakeFiles/main.dir/src/network_utils.c.gcda", O_RDWR|O_CREAT, 0666) = 3
fcntl(3, F_SETLKW, {l_type=F_WRLCK, l_whence=SEEK_SET, l_start=0, l_len=0}) = 0
fcntl(3, F_GETFL)                       = 0x8002 (flags O_RDWR|O_LARGEFILE)
fstat(3, {st_mode=S_IFREG|0664, st_size=1180, ...}) = 0
read(3, "adcg*33Bd\374\30\221\314cRV\0\0\0\241\10\0\0\0\4\0\0\0\340\4\0\0\0\0\0\1\f\0\0\0\232\225\224\"a\323\366\300\257\355\207\310\0\0\241\1\270\0\0\0\4\0\0\0\0\0\0\0\0\0\0\0\0\0\0\0\4\0\0\0\0\0\0\0\4\0\0\0\0\0\0\0\4\0\0\0\0\0\0\0\4\0\0\0\0\0\0\0\4\0\0\0\0\0\0\0\0\0\0\0\0\0\0\0\4\0\0\0\0\0\0\0\4\0\0\0\0\0\0\0\0\0\0\0\0\0\0\0\4\0\0\0\0\0\0\0\4\0\0\0\0\0\0\0\4\0\0\0\0\0\0\0\4\0\0\0\0\0\0\0\4\0\0\0\0\0\0\0\4\0\0\0\0\0\0\0\4\0\0\0\0\0\0\0\0\0\0\0\0\0\0\0\4\0\0\0\0\0\0\0\4\0\0\0\0\0\0\0\4\0\0\0\0\0\0\0\4\0\0\0\0\0\0\0\0\0\0\1\f\0\0\0\243\372\272\1\214\307\247}\315\0J\v\0\0\241\1\250\377\377\377\0\0\0\1\f\0\0\0\332\276V\"`\317\347$\340\256d\16\0\0\241\1h\0\0\0\4\0\0\0\0\0\0\0\0\0\0\0\0\0\0\0\4\0\0\0\0\0\0\0\4\0\0\0\0\0\0\0\4\0\0\0\0\0\0\0\4\0\0\0\0\0\0\0\0\0\0\0\0\0\0\0\0\0\0\0\0\0\0\0\0\0\0\0\0\0\0\0\0\0\0\0\0\0\0\0\4\0\0\0\0\0\0\0\4\0\0\0\0\0\0\0\4\0\0\0\0\0\0\0\0\0\0\1\f\0\0\0t\312yo+\220@n\306q+7\0\0\241\1\200\1\0\0\4\0\0\0\0\0\0\0\0\0\0\0\0\0\0\0\4\0\0\0\0\0\0\0\4\0\0\0\0\0\0\0\4\0\0\0\0\0\0\0\4\0\0\0\0\0\0\0\4\0\0\0\0\0\0\0\0\0\0\0\0\0\0\0\4\0\0\0\0\0\0\0\4\0\0\0\0\0\0\0\4\0\0\0\0\0\0\0\4\0\0\0\0\0\0\0\4\0\0\0\0\0\0\0\4\0\0\0\0\0\0\0\0\0\0\0\0\0\0\0\4\0\0\0\0\0\0\0\4\0\0\0\0\0\0\0\4\0\0\0\0\0\0\0\4\0\0\0\0\0\0\0\4\0\0\0\0\0\0\0\4\0\0\0\0\0\0\0\4\0\0\0\0\0\0\0\4\0\0\0\0\0\0\0\4\0\0\0\0\0\0\0\4\0\0\0\0\0\0\0\0\0\0\0\0\0\0\0\0\0\0\0\0\0\0\0\0\0\0\0\0\0\0\0\0\0\0\0\0\0\0\0\0\0\0\0\0\0\0\0\0\0\0\0\0\0\0\0\0\0\0\0\0\0\0\0\0\0\0\0\0\0\0\0\0\0\0\0\0\0\0\0\0\0\0\0\0\0\0\0\0\0\0\0\0\0\0\0\0\0\0\0\0\0\0\0\0\0\0\0\0\0\0\0\0\0\0\0\0\0\0\0\0\0\0\0\0\0\0\0\0\0\0\0\0\0\0\0\0\0\0\0\0\0\0\0\0\0\0\0\0\0\0\0\0\0\0\0\0\0\0\0\0\0\0\0\0\0\0\0\4\0\0\0\0\0\0\0\4\0\0\0\0\0\0\0\4\0\0\0\0\0\0\0\0\0\0\1\f\0\0\0000\303\261\20N\224\3439\302\345Q\213\0\0\241\1\210\0\0\0\4\0\0\0\0\0\0\0\0\0\0\0\0\0\0\0\4\0\0\0\0\0\0\0\4\0\0\0\0\0\0\0\4\0\0\0\0\0\0\0\4\0\0\0\0\0\0\0\4\0\0\0\0\0\0\0\4\0\0\0\0\0\0\0\4\0\0\0\0\0\0\0\4\0\0\0\0\0\0\0\0\0\0\0\0\0\0\0\0\0\0\0\0\0\0\0\0\0\0\0\0\0\0\0\4\0\0\0\0\0\0\0\0\0\0\0\0\0\0\0\4\0\0\0\0\0\0\0\4\0\0\0\0\0\0\0\0\0\0\1\f\0\0\0\2\32Z!\323\347\250\270\345\317\26\361\0\0\241\1\250\0\0\0\4\0\0\0\0\0\0\0\0\0\0\0\0\0\0\0\4\0\0\0\0\0\0\0\4\0\0\0\0\0\0\0\4\0\0\0\0\0\0\0\4\0\0\0\0\0\0\0\4\0\0\0\0\0\0\0\0\0\0\0\0\0\0\0\4\0\0\0\0\0\0\0\0\0\0\0\0\0\0\0\4\0\0\0\0\0\0\0\0\0\0\0\0\0\0\0\0\0\0\0\0\0\0\0\10\0\0\0\0\0\0\0\4\0\0\0\0\0\0\0\0\0\0\0\0\0\0\0\0\0\0\0\0\0\0\0\0\0\0\0\0\0\0\0\4\0\0\0\0\0\0\0\4\0\0\0\0\0\0\0\4\0\0\0\0\0\0\0\0\0\0\0", 4096) = 1180
lseek(3, 0, SEEK_SET)                   = 0
write(3, "adcg*33Bd\374\30\221\314cRV\0\0\0\241\10\0\0\0\5\0\0\0\372\4\0\0\0\0\0\1\f\0\0\0\232\225\224\"a\323\366\300\257\355\207\310\0\0\241\1\270\0\0\0\5\0\0\0\0\0\0\0\0\0\0\0\0\0\0\0\5\0\0\0\0\0\0\0\5\0\0\0\0\0\0\0\5\0\0\0\0\0\0\0\5\0\0\0\0\0\0\0\5\0\0\0\0\0\0\0\0\0\0\0\0\0\0\0\5\0\0\0\0\0\0\0\5\0\0\0\0\0\0\0\0\0\0\0\0\0\0\0\5\0\0\0\0\0\0\0\5\0\0\0\0\0\0\0\5\0\0\0\0\0\0\0\5\0\0\0\0\0\0\0\5\0\0\0\0\0\0\0\5\0\0\0\0\0\0\0\5\0\0\0\0\0\0\0\0\0\0\0\0\0\0\0\5\0\0\0\0\0\0\0\5\0\0\0\0\0\0\0\5\0\0\0\0\0\0\0\5\0\0\0\0\0\0\0\0\0\0\1\f\0\0\0\243\372\272\1\214\307\247}\315\0J\v\0\0\241\1\250\377\377\377\0\0\0\1\f\0\0\0\332\276V\"`\317\347$\340\256d\16\0\0\241\1h\0\0\0\5\0\0\0\0\0\0\0\0\0\0\0\0\0\0\0\5\0\0\0\0\0\0\0\5\0\0\0\0\0\0\0\5\0\0\0\0\0\0\0\5\0\0\0\0\0\0\0\0\0\0\0\0\0\0\0\0\0\0\0\0\0\0\0\0\0\0\0\0\0\0\0\0\0\0\0\0\0\0\0\5\0\0\0\0\0\0\0\5\0\0\0\0\0\0\0\5\0\0\0\0\0\0\0\0\0\0\1\f\0\0\0t\312yo+\220@n\306q+7\0\0\241\1\200\1\0\0\5\0\0\0\0\0\0\0\0\0\0\0\0\0\0\0\5\0\0\0\0\0\0\0\5\0\0\0\0\0\0\0\5\0\0\0\0\0\0\0\5\0\0\0\0\0\0\0\5\0\0\0\0\0\0\0\0\0\0\0\0\0\0\0\5\0\0\0\0\0\0\0\5\0\0\0\0\0\0\0\5\0\0\0\0\0\0\0\5\0\0\0\0\0\0\0\5\0\0\0\0\0\0\0\5\0\0\0\0\0\0\0\0\0\0\0\0\0\0\0\5\0\0\0\0\0\0\0\5\0\0\0\0\0\0\0\5\0\0\0\0\0\0\0\5\0\0\0\0\0\0\0\5\0\0\0\0\0\0\0\5\0\0\0\0\0\0\0\5\0\0\0\0\0\0\0\5\0\0\0\0\0\0\0\5\0\0\0\0\0\0\0\5\0\0\0\0\0\0\0\0\0\0\0\0\0\0\0\0\0\0\0\0\0\0\0\0\0\0\0\0\0\0\0\0\0\0\0\0\0\0\0\0\0\0\0\0\0\0\0\0\0\0\0\0\0\0\0\0\0\0\0\0\0\0\0\0\0\0\0\0\0\0\0\0\0\0\0\0\0\0\0\0\0\0\0\0\0\0\0\0\0\0\0\0\0\0\0\0\0\0\0\0\0\0\0\0\0\0\0\0\0\0\0\0\0\0\0\0\0\0\0\0\0\0\0\0\0\0\0\0\0\0\0\0\0\0\0\0\0\0\0\0\0\0\0\0\0\0\0\0\0\0\0\0\0\0\0\0\0\0\0\0\0\0\0\0\0\0\0\5\0\0\0\0\0\0\0\5\0\0\0\0\0\0\0\5\0\0\0\0\0\0\0\0\0\0\1\f\0\0\0000\303\261\20N\224\3439\302\345Q\213\0\0\241\1\210\0\0\0\5\0\0\0\0\0\0\0\0\0\0\0\0\0\0\0\5\0\0\0\0\0\0\0\5\0\0\0\0\0\0\0\5\0\0\0\0\0\0\0\5\0\0\0\0\0\0\0\5\0\0\0\0\0\0\0\5\0\0\0\0\0\0\0\5\0\0\0\0\0\0\0\5\0\0\0\0\0\0\0\0\0\0\0\0\0\0\0\0\0\0\0\0\0\0\0\0\0\0\0\0\0\0\0\5\0\0\0\0\0\0\0\0\0\0\0\0\0\0\0\5\0\0\0\0\0\0\0\5\0\0\0\0\0\0\0\0\0\0\1\f\0\0\0\2\32Z!\323\347\250\270\345\317\26\361\0\0\241\1\250\0\0\0\5\0\0\0\0\0\0\0\0\0\0\0\0\0\0\0\5\0\0\0\0\0\0\0\5\0\0\0\0\0\0\0\5\0\0\0\0\0\0\0\5\0\0\0\0\0\0\0\5\0\0\0\0\0\0\0\0\0\0\0\0\0\0\0\5\0\0\0\0\0\0\0\0\0\0\0\0\0\0\0\5\0\0\0\0\0\0\0\0\0\0\0\0\0\0\0\0\0\0\0\0\0\0\0\n\0\0\0\0\0\0\0\5\0\0\0\0\0\0\0\0\0\0\0\0\0\0\0\0\0\0\0\0\0\0\0\0\0\0\0\0\0\0\0\5\0\0\0\0\0\0\0\5\0\0\0\0\0\0\0\5\0\0\0\0\0\0\0\0\0\0\0", 1180) = 1180
close(3)                                = 0
getpid()                                = 71838
openat(AT_FDCWD, "/home/louise/BCIT/comp4985-internetworking/project-client/build/CMakeFiles/main.dir/src/error_message.c.gcda", O_RDWR|O_CREAT, 0666) = 3
fcntl(3, F_SETLKW, {l_type=F_WRLCK, l_whence=SEEK_SET, l_start=0, l_len=0}) = 0
fcntl(3, F_GETFL)                       = 0x8002 (flags O_RDWR|O_LARGEFILE)
fstat(3, {st_mode=S_IFREG|0664, st_size=64, ...}) = 0
read(3, "adcg*33B\223\373\30\221\355UU\273\0\0\0\241\10\0\0\0\4\0\0\0\340\4\0\0\0\0\0\1\f\0\0\0\266\214\210:\310H\252\267\324\30\277\360\0\0\241\1\300\376\377\377\0\0\0\0", 4096) = 64
lseek(3, 0, SEEK_SET)                   = 0
write(3, "adcg*33B\223\373\30\221\355UU\273\0\0\0\241\10\0\0\0\5\0\0\0\372\4\0\0\0\0\0\1\f\0\0\0\266\214\210:\310H\252\267\324\30\277\360\0\0\241\1\300\376\377\377\0\0\0\0", 64) = 64
close(3)                                = 0
getpid()                                = 71838
openat(AT_FDCWD, "/home/louise/BCIT/comp4985-internetworking/project-client/build/CMakeFiles/main.dir/src/start_menu.c.gcda", O_RDWR|O_CREAT, 0666) = 3
fcntl(3, F_SETLKW, {l_type=F_WRLCK, l_whence=SEEK_SET, l_start=0, l_len=0}) = 0
fcntl(3, F_GETFL)                       = 0x8002 (flags O_RDWR|O_LARGEFILE)
fstat(3, {st_mode=S_IFREG|0664, st_size=664, ...}) = 0
read(3, "adcg*33B\224\372\30\221c\246\266S\0\0\0\241\10\0\0\0\4\0\0\0\340\4\0\0\0\0\0\1\f\0\0\0\224\211\35G\250\35[\271\366\376&\274\0\0\241\1\370\0\0\0\4\0\0\0\0\0\0\0\0\0\0\0\0\0\0\0\4\0\0\0\0\0\0\0\4\0\0\0\0\0\0\0\4\0\0\0\0\0\0\0\4\0\0\0\0\0\0\0\4\0\0\0\0\0\0\0\4\0\0\0\0\0\0\0\4\0\0\0\0\0\0\0\4\0\0\0\0\0\0\0\4\0\0\0\0\0\0\0\4\0\0\0\0\0\0\0\4\0\0\0\0\0\0\0\4\0\0\0\0\0\0\0\4\0\0\0\0\0\0\0\4\0\0\0\0\0\0\0\4\0\0\0\0\0\0\0\2\0\0\0\0\0\0\0Z\2\0\0\0\0\0\0Z\2\0\0\0\0\0\0Z\2\0\0\0\0\0\0Z\2\0\0\0\0\0\0\2\0\0\0\0\0\0\0\4\0\0\0\0\0\0\0\4\0\0\0\0\0\0\0\4\0\0\0\0\0\0\0\4\0\0\0\0\0\0\0\4\0\0\0\0\0\0\0\4\0\0\0\0\0\0\0\4\0\0\0\0\0\0\0\4\0\0\0\0\0\0\0\0\0\0\1\f\0\0\0\201v\309\265\321\315n\221\372\2064\0\0\241\1\250\0\0\0Z\2\0\0\0\0\0\0\0\0\0\0\0\0\0\0\4\0\0\0\0\0\0\0\4\0\0\0\0\0\0\0\4\0\0\0\0\0\0\0Z\2\0\0\0\0\0\0[\1\0\0\0\0\0\0[\1\0\0\0\0\0\0[\1\0\0\0\0\0\0\373\0\0\0\0\0\0\0\373\0\0\0\0\0\0\0\4\0\0\0\0\0\0\0Z\2\0\0\0\0\0\0}\0\0\0\0\0\0\0}\0\0\0\0\0\0\0Z\2\0\0\0\0\0\0\255\0\0\0\0\0\0\0\255\0\0\0\0\0\0\0\4\0\0\0\0\0\0\0\4\0\0\0\0\0\0\0\4\0\0\0\0\0\0\0\0\0\0\1\f\0\0\0\217v\216<\310r\r\34D\376\0\357\0\0\241\1\200\0\0\0Z\2\0\0\0\0\0\0\0\0\0\0\0\0\0\0\4\0\0\0\0\0\0\0\4\0\0\0\0\0\0\0Z\2\0\0\0\0\0\0\264\4\0\0\0\0\0\0Z\2\0\0\0\0\0\0Z\2\0\0\0\0\0\0\264\4\0\0\0\0\0\0\264\4\0\0\0\0\0\0\264\4\0\0\0\0\0\0\264\4\0\0\0\0\0\0Z\2\0\0\0\0\0\0\4\0\0\0\0\0\0\0\4\0\0\0\0\0\0\0\4\0\0\0\0\0\0\0\0\0\0\0", 4096) = 664
lseek(3, 0, SEEK_SET)                   = 0
write(3, "adcg*33B\224\372\30\221c\246\266S\0\0\0\241\10\0\0\0\5\0\0\0\372\4\0\0\0\0\0\1\f\0\0\0\224\211\35G\250\35[\271\366\376&\274\0\0\241\1\370\0\0\0\5\0\0\0\0\0\0\0\0\0\0\0\0\0\0\0\5\0\0\0\0\0\0\0\5\0\0\0\0\0\0\0\5\0\0\0\0\0\0\0\5\0\0\0\0\0\0\0\5\0\0\0\0\0\0\0\5\0\0\0\0\0\0\0\5\0\0\0\0\0\0\0\5\0\0\0\0\0\0\0\5\0\0\0\0\0\0\0\5\0\0\0\0\0\0\0\5\0\0\0\0\0\0\0\5\0\0\0\0\0\0\0\5\0\0\0\0\0\0\0\5\0\0\0\0\0\0\0\5\0\0\0\0\0\0\0\3\0\0\0\0\0\0\0[\2\0\0\0\0\0\0[\2\0\0\0\0\0\0[\2\0\0\0\0\0\0[\2\0\0\0\0\0\0\2\0\0\0\0\0\0\0\5\0\0\0\0\0\0\0\5\0\0\0\0\0\0\0\5\0\0\0\0\0\0\0\5\0\0\0\0\0\0\0\5\0\0\0\0\0\0\0\5\0\0\0\0\0\0\0\5\0\0\0\0\0\0\0\5\0\0\0\0\0\0\0\0\0\0\1\f\0\0\0\201v\309\265\321\315n\221\372\2064\0\0\241\1\250\0\0\0[\2\0\0\0\0\0\0\0\0\0\0\0\0\0\0\5\0\0\0\0\0\0\0\5\0\0\0\0\0\0\0\5\0\0\0\0\0\0\0[\2\0\0\0\0\0\0[\1\0\0\0\0\0\0[\1\0\0\0\0\0\0[\1\0\0\0\0\0\0\373\0\0\0\0\0\0\0\373\0\0\0\0\0\0\0\5\0\0\0\0\0\0\0[\2\0\0\0\0\0\0}\0\0\0\0\0\0\0}\0\0\0\0\0\0\0[\2\0\0\0\0\0\0\255\0\0\0\0\0\0\0\255\0\0\0\0\0\0\0\5\0\0\0\0\0\0\0\5\0\0\0\0\0\0\0\5\0\0\0\0\0\0\0\0\0\0\1\f\0\0\0\217v\216<\310r\r\34D\376\0\357\0\0\241\1\200\0\0\0[\2\0\0\0\0\0\0\0\0\0\0\0\0\0\0\5\0\0\0\0\0\0\0\5\0\0\0\0\0\0\0[\2\0\0\0\0\0\0\266\4\0\0\0\0\0\0[\2\0\0\0\0\0\0[\2\0\0\0\0\0\0\266\4\0\0\0\0\0\0\266\4\0\0\0\0\0\0\266\4\0\0\0\0\0\0\266\4\0\0\0\0\0\0[\2\0\0\0\0\0\0\5\0\0\0\0\0\0\0\5\0\0\0\0\0\0\0\5\0\0\0\0\0\0\0\0\0\0\0", 664) = 664
close(3)                                = 0
getpid()                                = 71838
openat(AT_FDCWD, "/home/louise/BCIT/comp4985-internetworking/project-client/build/CMakeFiles/main.dir/src/gui.c.gcda", O_RDWR|O_CREAT, 0666) = 3
fcntl(3, F_SETLKW, {l_type=F_WRLCK, l_whence=SEEK_SET, l_start=0, l_len=0}) = 0
fcntl(3, F_GETFL)                       = 0x8002 (flags O_RDWR|O_LARGEFILE)
fstat(3, {st_mode=S_IFREG|0664, st_size=144, ...}) = 0
read(3, "adcg*33B\n\372\30\221\370i\200\27\0\0\0\241\10\0\0\0\4\0\0\0\340\4\0\0\0\0\0\1\f\0\0\0\313\341\2176\6@H6\17\242\7\262\0\0\241\1P\0\0\0\f\0\0\0\0\0\0\0\0\0\0\0\0\0\0\0\4\0\0\0\0\0\0\0\4\0\0\0\0\0\0\0\4\0\0\0\0\0\0\0\f\0\0\0\0\0\0\0\f\0\0\0\0\0\0\0\4\0\0\0\0\0\0\0\4\0\0\0\0\0\0\0\4\0\0\0\0\0\0\0\0\0\0\0", 4096) = 144
lseek(3, 0, SEEK_SET)                   = 0
write(3, "adcg*33B\n\372\30\221\370i\200\27\0\0\0\241\10\0\0\0\5\0\0\0\372\4\0\0\0\0\0\1\f\0\0\0\313\341\2176\6@H6\17\242\7\262\0\0\241\1P\0\0\0\21\0\0\0\0\0\0\0\0\0\0\0\0\0\0\0\5\0\0\0\0\0\0\0\5\0\0\0\0\0\0\0\5\0\0\0\0\0\0\0\21\0\0\0\0\0\0\0\21\0\0\0\0\0\0\0\5\0\0\0\0\0\0\0\5\0\0\0\0\0\0\0\5\0\0\0\0\0\0\0\0\0\0\0", 144) = 144
close(3)                                = 0
getpid()                                = 71838
openat(AT_FDCWD, "/home/louise/BCIT/comp4985-internetworking/project-client/build/CMakeFiles/main.dir/src/signup_form.c.gcda", O_RDWR|O_CREAT, 0666) = 3
fcntl(3, F_SETLKW, {l_type=F_WRLCK, l_whence=SEEK_SET, l_start=0, l_len=0}) = 0
fcntl(3, F_GETFL)                       = 0x8002 (flags O_RDWR|O_LARGEFILE)
fstat(3, {st_mode=S_IFREG|0664, st_size=784, ...}) = 0
read(3, "adcg*33B\375\370\30\221\272;t\t\0\0\0\241\10\0\0\0\4\0\0\0\340\4\0\0\0\0\0\1\f\0\0\0\336\217Y~\366Fp\5\346D\336\36\0\0\241\1\320\2\0\0\2\0\0\0\0\0\0\0\0\0\0\0\0\0\0\0\2\0\0\0\0\0\0\0\2\0\0\0\0\0\0\0\2\0\0\0\0\0\0\0\2\0\0\0\0\0\0\0\2\0\0\0\0\0\0\0\2\0\0\0\0\0\0\0\2\0\0\0\0\0\0\0\2\0\0\0\0\0\0\0\2\0\0\0\0\0\0\0\2\0\0\0\0\0\0\0\0\0\0\0\0\0\0\0\2\0\0\0\0\0\0\0\0\0\0\0\0\0\0\0\2\0\0\0\0\0\0\0\2\0\0\0\0\0\0\0\2\0\0\0\0\0\0\0\2\0\0\0\0\0\0\0\2\0\0\0\0\0\0\0\2\0\0\0\0\0\0\0\2\0\0\0\0\0\0\0\0\0\0\0\0\0\0\0\20\0\0\0\0\0\0\0\20\0\0\0\0\0\0\0\20\0\0\0\0\0\0\0\20\0\0\0\0\0\0\0\16\0\0\0\0\0\0\0\16\0\0\0\0\0\0\0\16\0\0\0\0\0\0\0\16\0\0\0\0\0\0\0\16\0\0\0\0\0\0\0\16\0\0\0\0\0\0\0\2\0\0\0\0\0\0\0\2\0\0\0\0\0\0\0\0\0\0\0\0\0\0\0\0\0\0\0\0\0\0\0\0\0\0\0\0\0\0\0\0\0\0\0\0\0\0\0\0\0\0\0\0\0\0\0\0\0\0\0\0\0\0\0\0\0\0\0\0\0\0\0\2\0\0\0\0\0\0\0\2\0\0\0\0\0\0\0\16\0\0\0\0\0\0\0\20\0\0\0\0\0\0\0\0\0\0\0\0\0\0\0\0\0\0\0\0\0\0\0\n\0\0\0\0\0\0\0\n\0\0\0\0\0\0\0\n\0\0\0\0\0\0\0\n\0\0\0\0\0\0\0\7\0\0\0\0\0\0\0\7\0\0\0\0\0\0\0\7\0\0\0\0\0\0\0\7\0\0\0\0\0\0\0\7\0\0\0\0\0\0\0\7\0\0\0\0\0\0\0\3\0\0\0\0\0\0\0\2\0\0\0\0\0\0\0\1\0\0\0\0\0\0\0\1\0\0\0\0\0\0\0\1\0\0\0\0\0\0\0\1\0\0\0\0\0\0\0\1\0\0\0\0\0\0\0\0\0\0\0\0\0\0\0\0\0\0\0\0\0\0\0\2\0\0\0\0\0\0\0\2\0\0\0\0\0\0\0\10\0\0\0\0\0\0\0\n\0\0\0\0\0\0\0\2\0\0\0\0\0\0\0\2\0\0\0\0\0\0\0\0\0\0\0\0\0\0\0\2\0\0\0\0\0\0\0\2\0\0\0\0\0\0\0\2\0\0\0\0\0\0\0\2\0\0\0\0\0\0\0\2\0\0\0\0\0\0\0\2\0\0\0\0\0\0\0\2\0\0\0\0\0\0\0\2\0\0\0\0\0\0\0\2\0\0\0\0\0\0\0\2\0\0\0\0\0\0\0\2\0\0\0\0\0\0\0\2\0\0\0\0\0\0\0\2\0\0\0\0\0\0\0\2\0\0\0\0\0\0\0\2\0\0\0\0\0\0\0\2\0\0\0\0\0\0\0\0\0\0\0", 4096) = 784
lseek(3, 0, SEEK_SET)                   = 0
write(3, "adcg*33B\375\370\30\221\272;t\t\0\0\0\241\10\0\0\0\5\0\0\0\372\4\0\0\0\0\0\1\f\0\0\0\336\217Y~\366Fp\5\346D\336\36\0\0\241\1\320\2\0\0\3\0\0\0\0\0\0\0\0\0\0\0\0\0\0\0\3\0\0\0\0\0\0\0\3\0\0\0\0\0\0\0\3\0\0\0\0\0\0\0\3\0\0\0\0\0\0\0\3\0\0\0\0\0\0\0\3\0\0\0\0\0\0\0\3\0\0\0\0\0\0\0\3\0\0\0\0\0\0\0\3\0\0\0\0\0\0\0\3\0\0\0\0\0\0\0\0\0\0\0\0\0\0\0\3\0\0\0\0\0\0\0\0\0\0\0\0\0\0\0\3\0\0\0\0\0\0\0\3\0\0\0\0\0\0\0\3\0\0\0\0\0\0\0\3\0\0\0\0\0\0\0\3\0\0\0\0\0\0\0\3\0\0\0\0\0\0\0\3\0\0\0\0\0\0\0\0\0\0\0\0\0\0\0\30\0\0\0\0\0\0\0\30\0\0\0\0\0\0\0\30\0\0\0\0\0\0\0\30\0\0\0\0\0\0\0\25\0\0\0\0\0\0\0\25\0\0\0\0\0\0\0\25\0\0\0\0\0\0\0\25\0\0\0\0\0\0\0\25\0\0\0\0\0\0\0\25\0\0\0\0\0\0\0\3\0\0\0\0\0\0\0\3\0\0\0\0\0\0\0\0\0\0\0\0\0\0\0\0\0\0\0\0\0\0\0\0\0\0\0\0\0\0\0\0\0\0\0\0\0\0\0\0\0\0\0\0\0\0\0\0\0\0\0\0\0\0\0\0\0\0\0\0\0\0\0\3\0\0\0\0\0\0\0\3\0\0\0\0\0\0\0\25\0\0\0\0\0\0\0\30\0\0\0\0\0\0\0\0\0\0\0\0\0\0\0\0\0\0\0\0\0\0\0\16\0\0\0\0\0\0\0\16\0\0\0\0\0\0\0\16\0\0\0\0\0\0\0\16\0\0\0\0\0\0\0\n\0\0\0\0\0\0\0\n\0\0\0\0\0\0\0\n\0\0\0\0\0\0\0\n\0\0\0\0\0\0\0\n\0\0\0\0\0\0\0\n\0\0\0\0\0\0\0\4\0\0\0\0\0\0\0\3\0\0\0\0\0\0\0\1\0\0\0\0\0\0\0\1\0\0\0\0\0\0\0\1\0\0\0\0\0\0\0\1\0\0\0\0\0\0\0\1\0\0\0\0\0\0\0\0\0\0\0\0\0\0\0\0\0\0\0\0\0\0\0\3\0\0\0\0\0\0\0\3\0\0\0\0\0\0\0\v\0\0\0\0\0\0\0\16\0\0\0\0\0\0\0\3\0\0\0\0\0\0\0\3\0\0\0\0\0\0\0\0\0\0\0\0\0\0\0\3\0\0\0\0\0\0\0\3\0\0\0\0\0\0\0\3\0\0\0\0\0\0\0\3\0\0\0\0\0\0\0\3\0\0\0\0\0\0\0\3\0\0\0\0\0\0\0\3\0\0\0\0\0\0\0\3\0\0\0\0\0\0\0\3\0\0\0\0\0\0\0\3\0\0\0\0\0\0\0\3\0\0\0\0\0\0\0\3\0\0\0\0\0\0\0\3\0\0\0\0\0\0\0\3\0\0\0\0\0\0\0\3\0\0\0\0\0\0\0\3\0\0\0\0\0\0\0\0\0\0\0", 784) = 784
close(3)                                = 0
getpid()                                = 71838
openat(AT_FDCWD, "/home/louise/BCIT/comp4985-internetworking/project-client/build/CMakeFiles/main.dir/src/chat_screen.c.gcda", O_RDWR|O_CREAT, 0666) = 3
fcntl(3, F_SETLKW, {l_type=F_WRLCK, l_whence=SEEK_SET, l_start=0, l_len=0}) = 0
fcntl(3, F_GETFL)                       = 0x8002 (flags O_RDWR|O_LARGEFILE)
fstat(3, {st_mode=S_IFREG|0664, st_size=2660, ...}) = 0
read(3, "adcg*33B\215\350\30\221i\37!s\0\0\0\241\10\0\0\0\4\0\0\0\340\4\0\0\0\0\0\1\f\0\0\0%Ond\366\260u\305\312Rt\17\0\0\241\1x\377\377\377\0\0\0\1\f\0\0\0s\273.\7\313\337$\345.\305\377s\0\0\241\1\230\0\0\0\2\0\0\0\0\0\0\0\0\0\0\0\0\0\0\0\2\0\0\0\0\0\0\0\2\0\0\0\0\0\0\0\2\0\0\0\0\0\0\0\2\0\0\0\0\0\0\0\2\0\0\0\0\0\0\0\2\0\0\0\0\0\0\0\2\0\0\0\0\0\0\0\2\0\0\0\0\0\0\0\2\0\0\0\0\0\0\0\2\0\0\0\0\0\0\0\2\0\0\0\0\0\0\0\2\0\0\0\0\0\0\0\2\0\0\0\0\0\0\0\2\0\0\0\0\0\0\0\2\0\0\0\0\0\0\0\2\0\0\0\0\0\0\0\2\0\0\0\0\0\0\0\0\0\0\1\f\0\0\0\226\276\364p\230\326o3\316\365\375+\0\0\241\1\330\0\0\0\2\0\0\0\0\0\0\0\0\0\0\0\0\0\0\0\2\0\0\0\0\0\0\0\2\0\0\0\0\0\0\0\2\0\0\0\0\0\0\0\2\0\0\0\0\0\0\0\2\0\0\0\0\0\0\0\2\0\0\0\0\0\0\0\2\0\0\0\0\0\0\0\2\0\0\0\0\0\0\0\2\0\0\0\0\0\0\0\2\0\0\0\0\0\0\0\2\0\0\0\0\0\0\0\2\0\0\0\0\0\0\0\2\0\0\0\0\0\0\0\2\0\0\0\0\0\0\0\2\0\0\0\0\0\0\0\0\0\0\0\0\0\0\0\2\0\0\0\0\0\0\0\2\0\0\0\0\0\0\0\2\0\0\0\0\0\0\0\2\0\0\0\0\0\0\0\2\0\0\0\0\0\0\0\2\0\0\0\0\0\0\0\2\0\0\0\0\0\0\0\2\0\0\0\0\0\0\0\2\0\0\0\0\0\0\0\0\0\0\1\f\0\0\0\262\311@O\6\2135IHv\277\360\0\0\241\1h\0\0\0\2\0\0\0\0\0\0\0\0\0\0\0\0\0\0\0\2\0\0\0\0\0\0\0\2\0\0\0\0\0\0\0\2\0\0\0\0\0\0\0\2\0\0\0\0\0\0\0\2\0\0\0\0\0\0\0\2\0\0\0\0\0\0\0\2\0\0\0\0\0\0\0\2\0\0\0\0\0\0\0\2\0\0\0\0\0\0\0\2\0\0\0\0\0\0\0\2\0\0\0\0\0\0\0\0\0\0\1\f\0\0\0g\374\\5\217\3\253\10\263\177\331S\0\0\241\1\260\377\377\377\0\0\0\1\f\0\0\0\373A\251w\260^{\260\3\302\6I\0\0\241\0010\2\0\0\2\0\0\0\0\0\0\0\0\0\0\0\0\0\0\0\2\0\0\0\0\0\0\0\2\0\0\0\0\0\0\0\2\0\0\0\0\0\0\0\2\0\0\0\0\0\0\0\2\0\0\0\0\0\0\0\2\0\0\0\0\0\0\0\2\0\0\0\0\0\0\0\2\0\0\0\0\0\0\0\0\0\0\0\0\0\0\0\2\0\0\0\0\0\0\0\2\0\0\0\0\0\0\0\2\0\0\0\0\0\0\0\0\0\0\0\0\0\0\0\2\0\0\0\0\0\0\0\2\0\0\0\0\0\0\0\2\0\0\0\0\0\0\0\0\0\0\0\0\0\0\0\2\0\0\0\0\0\0\0\0\0\0\0\0\0\0\0\0\0\0\0\0\0\0\0\0\0\0\0\0\0\0\0\0\0\0\0\0\0\0\0\0\0\0\0\0\0\0\0\0\0\0\0\0\0\0\0\0\0\0\0\0\0\0\0\0\0\0\0\0\0\0\0\0\0\0\0\0\0\0\0\0\0\0\0\0\0\0\0\0\0\0\0\0\0\0\0\0\0\0\0\0\0\0\0\0\0\0\0\0\0\0\0\0\0\0\0\0\0\0\0\0\0\0\0\0\0\0\0\0\0\0\0\0\0\0\0\0\0\0\0\0\0\0\0\0\0\0\0\0\0\0\0\0\0\0\0\0\0\0\0\0\0\0\0\0\0\0\0\0\0\0\0\0\0\0\0\0\0\0\0\0\0\0\0\0\0\0\0\0\0\0\0\0\0\0\0\0\0\0\0\0\0\0\0\0\0\0\0\0\0\0\0\0\0\0\0\0\0\0\0\0\0\0\0\0\0\0\0\0\0\0\0\0\0\0\0\0\0\0\0\0\0\0\0\0\0\0\0\0\0\0\0\0\0\0\0\0\0\0\0\0\0\0\0\0\0\0\0\0\0\0\0\0\0\0\0\0\0\0\0\0\0\0\0\0\0\0\0\0\0\0\0\0\0\0\0\0\0\0\0\0\0\0\0\0\0\0\0\0\0\0\0\0\0\0\0\0\0\0\0\0\0\0\0\0\0\0\0\0\0\0\0\0\0\0\0\2\0\0\0\0\0\0\0\2\0\0\0\0\0\0\0\2\0\0\0\0\0\0\0\2\0\0\0\0\0\0\0\2\0\0\0\0\0\0\0\2\0\0\0\0\0\0\0\2\0\0\0\0\0\0\0\2\0\0\0\0\0\0\0\2\0\0\0\0\0\0\0\0\0\0\1\f\0\0\0\f }S\325\257\344\207{Z\260e\0\0\241\1\320\375\377\377\0\0\0\1\f\0\0\0T\360e\n\266\303{\27\337Ki\34\0\0\241\1X\1\0\0\2\0\0\0\0\0\0\0\0\0\0\0\0\0\0\0\2\0\0\0\0\0\0\0\2\0\0\0\0\0\0\0\2\0\0\0\0\0\0\0\2\0\0\0\0\0\0\0\2\0\0\0\0\0\0\0\2\0\0\0\0\0\0\0\0\0\0\0\0\0\0\0\2\0\0\0\0\0\0\0\2\0\0\0\0\0\0\0\2\0\0\0\0\0\0\0\2\0\0\0\0\0\0\0\2\0\0\0\0\0\0\0\2\0\0\0\0\0\0\0\0\0\0\0\0\0\0\0\2\0\0\0\0\0\0\0\2\0\0\0\0\0\0\0\2\0\0\0\0\0\0\0\2\0\0\0\0\0\0\0\0\0\0\0\0\0\0\0\0\0\0\0\0\0\0\0\2\0\0\0\0\0\0\0\0\0\0\0\0\0\0\0\0\0\0\0\0\0\0\0\2\0\0\0\0\0\0\0\2\0\0\0\0\0\0\0\2\0\0\0\0\0\0\0\0\0\0\0\0\0\0\0\2\0\0\0\0\0\0\0\0\0\0\0\0\0\0\0\0\0\0\0\0\0\0\0\0\0\0\0\0\0\0\0\0\0\0\0\0\0\0\0\2\0\0\0\0\0\0\0\2\0\0\0\0\0\0\0\0\0\0\0\0\0\0\0\2\0\0\0\0\0\0\0\2\0\0\0\0\0\0\0\2\0\0\0\0\0\0\0\2\0\0\0\0\0\0\0\2\0\0\0\0\0\0\0\2\0\0\0\0\0\0\0\0\0\0\1\f\0\0\0C\335m\17E\327\301W\v\375\260\33\0\0\241\1\200\2\0\0\2\0\0\0\0\0\0\0\0\0\0\0\0\0\0\0\2\0\0\0\0\0\0\0\2\0\0\0\0\0\0\0\2\0\0\0\0\0\0\0\2\0\0\0\0\0\0\0\2\0\0\0\0\0\0\0\2\0\0\0\0\0\0\0\2\0\0\0\0\0\0\0\2\0\0\0\0\0\0\0\0\0\0\0\0\0\0\0\2\0\0\0\0\0\0\0\2\0\0\0\0\0\0\0\2\0\0\0\0\0\0\0\0\0\0\0\0\0\0\0\2\0\0\0\0\0\0\0\0\0\0\0\0\0\0\0\0\0\0\0\0\0\0\0\2\0\0\0\0\0\0\0\2\0\0\0\0\0\0\0\2\0\0\0\0\0\0\0\0\0\0\0\0\0\0\0\2\0\0\0\0\0\0\0\0\0\0\0\0\0\0\0\0\0\0\0\0\0\0\0\0\0\0\0\0\0\0\0\0\0\0\0\0\0\0\0\0\0\0\0\0\0\0\0\0\0\0\0\0\0\0\0\0\0\0\0\0\0\0\0\0\0\0\0\0\0\0\0\0\0\0\0\0\0\0\0\0\0\0\0\0\0\0\0\0\0\0\0\0\0\0\0\0\0\0\0\0\0\0\0\0\0\0\0\0\0\0\0\0\0\0\0\0\0\0\0\0\0\0\0\0\0\0\0\0\0\0\0\0\0\0\0\0\0\0\0\0\0\0\0\0\0\0\0\0\0\0\0\0\0\0\0\0\0\0\0\0\0\0\0\0\0\0\0\0\0\0\0\0\0\0\0\0\0\0\0\0\0\0\0\0\0\0\0\0\0\0\0\0\0\0\0\0\0\0\0\0\0\0\0\0\0\0\0\0\0\0\0\0\0\0\0\0\0\0\0\0\0\0\0\0\0\0\0\0\0\0\0\0\0\0\0\0\0\0\0\0\0\0\0\0\0\0\0\0\0\0\0\0\0\0\0\0\0\0\0\0\0\0\0\0\0\0\0\0\0\0\0\0\0\0\0\0\0\0\0\0\0\0\0\0\0\0\0\0\0\0\0\0\0\0\0\0\0\0\0\0\0\0\0\0\0\0\0\0\0\0\0\0\0\0\0\0\0\0\0\0\0\0\0\0\0\0\0\0\0\0\0\0\0\0\0\0\0\0\0\0\0\0\0\0\0\0\0\0\0\0\0\0\0\0\0\0\0\0\0\0\0\0\0\0\0\0\0\0\0\0\0\0\0\0\0\0\0\0\0\0\0\0\0\0\0\0\0\0\0\0\0\0\0\0\0\0\0\0\0\0\0\0\0\0\0\0\0\0\0\0\0\0\0\0\0\2\0\0\0\0\0\0\0\3\0\0\0\0\0\0\0\1\0\0\0\0\0\0\0\1\0\0\0\0\0\0\0\1\0\0\0\0\0\0\0\1\0\0\0\0\0\0\0\0\0\0\1\f\0\0\0\312e)WH?+\1\26p\355S\0\0\241\1@\0\0\0\20\0\0\0\0\0\0\0\0\0\0\0\0\0\0\0\2\0\0\0\0\0\0\0\2\0\0\0\0\0\0\0\2\0\0\0\0\0\0\0\16\0\0\0\0\0\0\0\2\0\0\0\0\0\0\0\2\0\0\0\0\0\0\0\0\0\0\1\f\0\0\0(Z\336Ben>\v#/}\375\0\0\241\1`\0\0\0\1\0\0\0\0\0\0\0\0\0\0\0\0\0\0\0\1\0\0\0\0\0\0\0\1\0\0\0\0\0\0\0\1\0\0\0\0\0\0\0\1\0\0\0\0\0\0\0\1\0\0\0\0\0\0\0\1\0\0\0\0\0\0\0\1\0\0\0\0\0\0\0\1\0\0\0\0\0\0\0\1\0\0\0\0\0\0\0\1\0\0\0\0\0\0\0\0\0\0\1\f\0\0\0\2061\345Z\203%Ml\271z\267M\0\0\241\1\200\377\377\377\0\0\0\1\f\0\0\0\255\236/i\242\222~0\222\3321\5\0\0\241\1\250\377\377\377\0\0\0\1\f\0\0\0001\25\323z\256l\221\321\355\336\6\206\0\0\241\1h\377\377\377\0\0\0\1\f\0\0\0\344L\16$cXA\357\17\242\7\262\0\0\241\1\260\377\377\377\0\0\0\1\f\0\0\0=\325\371!\3702\301\226\n\265\n\353\0\0\241\1\370\376\377\377\0\0\0\0", 4096) = 2660
lseek(3, 0, SEEK_SET)                   = 0
write(3, "adcg*33B\215\350\30\221i\37!s\0\0\0\241\10\0\0\0\5\0\0\0\372\4\0\0\0\0\0\1\f\0\0\0%Ond\366\260u\305\312Rt\17\0\0\241\1x\377\377\377\0\0\0\1\f\0\0\0s\273.\7\313\337$\345.\305\377s\0\0\241\1\230\0\0\0\3\0\0\0\0\0\0\0\0\0\0\0\0\0\0\0\3\0\0\0\0\0\0\0\3\0\0\0\0\0\0\0\3\0\0\0\0\0\0\0\3\0\0\0\0\0\0\0\3\0\0\0\0\0\0\0\3\0\0\0\0\0\0\0\3\0\0\0\0\0\0\0\3\0\0\0\0\0\0\0\3\0\0\0\0\0\0\0\3\0\0\0\0\0\0\0\3\0\0\0\0\0\0\0\3\0\0\0\0\0\0\0\3\0\0\0\0\0\0\0\3\0\0\0\0\0\0\0\3\0\0\0\0\0\0\0\3\0\0\0\0\0\0\0\3\0\0\0\0\0\0\0\0\0\0\1\f\0\0\0\226\276\364p\230\326o3\316\365\375+\0\0\241\1\330\0\0\0\3\0\0\0\0\0\0\0\0\0\0\0\0\0\0\0\3\0\0\0\0\0\0\0\3\0\0\0\0\0\0\0\3\0\0\0\0\0\0\0\3\0\0\0\0\0\0\0\3\0\0\0\0\0\0\0\3\0\0\0\0\0\0\0\3\0\0\0\0\0\0\0\3\0\0\0\0\0\0\0\3\0\0\0\0\0\0\0\3\0\0\0\0\0\0\0\3\0\0\0\0\0\0\0\3\0\0\0\0\0\0\0\3\0\0\0\0\0\0\0\3\0\0\0\0\0\0\0\3\0\0\0\0\0\0\0\0\0\0\0\0\0\0\0\3\0\0\0\0\0\0\0\3\0\0\0\0\0\0\0\3\0\0\0\0\0\0\0\3\0\0\0\0\0\0\0\3\0\0\0\0\0\0\0\3\0\0\0\0\0\0\0\3\0\0\0\0\0\0\0\3\0\0\0\0\0\0\0\3\0\0\0\0\0\0\0\0\0\0\1\f\0\0\0\262\311@O\6\2135IHv\277\360\0\0\241\1h\0\0\0\3\0\0\0\0\0\0\0\0\0\0\0\0\0\0\0\3\0\0\0\0\0\0\0\3\0\0\0\0\0\0\0\3\0\0\0\0\0\0\0\3\0\0\0\0\0\0\0\3\0\0\0\0\0\0\0\3\0\0\0\0\0\0\0\3\0\0\0\0\0\0\0\3\0\0\0\0\0\0\0\3\0\0\0\0\0\0\0\3\0\0\0\0\0\0\0\3\0\0\0\0\0\0\0\0\0\0\1\f\0\0\0g\374\\5\217\3\253\10\263\177\331S\0\0\241\1\260\377\377\377\0\0\0\1\f\0\0\0\373A\251w\260^{\260\3\302\6I\0\0\241\0010\2\0\0\3\0\0\0\0\0\0\0\0\0\0\0\0\0\0\0\3\0\0\0\0\0\0\0\3\0\0\0\0\0\0\0\3\0\0\0\0\0\0\0\3\0\0\0\0\0\0\0\3\0\0\0\0\0\0\0\3\0\0\0\0\0\0\0\3\0\0\0\0\0\0\0\3\0\0\0\0\0\0\0\0\0\0\0\0\0\0\0\3\0\0\0\0\0\0\0\3\0\0\0\0\0\0\0\3\0\0\0\0\0\0\0\0\0\0\0\0\0\0\0\3\0\0\0\0\0\0\0\3\0\0\0\0\0\0\0\3\0\0\0\0\0\0\0\0\0\0\0\0\0\0\0\3\0\0\0\0\0\0\0\0\0\0\0\0\0\0\0\0\0\0\0\0\0\0\0\0\0\0\0\0\0\0\0\0\0\0\0\0\0\0\0\0\0\0\0\0\0\0\0\0\0\0\0\0\0\0\0\0\0\0\0\0\0\0\0\0\0\0\0\0\0\0\0\0\0\0\0\0\0\0\0\0\0\0\0\0\0\0\0\0\0\0\0\0\0\0\0\0\0\0\0\0\0\0\0\0\0\0\0\0\0\0\0\0\0\0\0\0\0\0\0\0\0\0\0\0\0\0\0\0\0\0\0\0\0\0\0\0\0\0\0\0\0\0\0\0\0\0\0\0\0\0\0\0\0\0\0\0\0\0\0\0\0\0\0\0\0\0\0\0\0\0\0\0\0\0\0\0\0\0\0\0\0\0\0\0\0\0\0\0\0\0\0\0\0\0\0\0\0\0\0\0\0\0\0\0\0\0\0\0\0\0\0\0\0\0\0\0\0\0\0\0\0\0\0\0\0\0\0\0\0\0\0\0\0\0\0\0\0\0\0\0\0\0\0\0\0\0\0\0\0\0\0\0\0\0\0\0\0\0\0\0\0\0\0\0\0\0\0\0\0\0\0\0\0\0\0\0\0\0\0\0\0\0\0\0\0\0\0\0\0\0\0\0\0\0\0\0\0\0\0\0\0\0\0\0\0\0\0\0\0\0\0\0\0\0\0\0\0\0\0\0\0\0\0\0\0\0\0\0\0\0\0\0\0\0\0\3\0\0\0\0\0\0\0\3\0\0\0\0\0\0\0\3\0\0\0\0\0\0\0\3\0\0\0\0\0\0\0\3\0\0\0\0\0\0\0\3\0\0\0\0\0\0\0\3\0\0\0\0\0\0\0\3\0\0\0\0\0\0\0\3\0\0\0\0\0\0\0\0\0\0\1\f\0\0\0\f }S\325\257\344\207{Z\260e\0\0\241\1\320\375\377\377\0\0\0\1\f\0\0\0T\360e\n\266\303{\27\337Ki\34\0\0\241\1X\1\0\0\3\0\0\0\0\0\0\0\0\0\0\0\0\0\0\0\3\0\0\0\0\0\0\0\3\0\0\0\0\0\0\0\3\0\0\0\0\0\0\0\3\0\0\0\0\0\0\0\3\0\0\0\0\0\0\0\3\0\0\0\0\0\0\0\0\0\0\0\0\0\0\0\3\0\0\0\0\0\0\0\3\0\0\0\0\0\0\0\3\0\0\0\0\0\0\0\3\0\0\0\0\0\0\0\3\0\0\0\0\0\0\0\3\0\0\0\0\0\0\0\0\0\0\0\0\0\0\0\3\0\0\0\0\0\0\0\3\0\0\0\0\0\0\0\3\0\0\0\0\0\0\0\3\0\0\0\0\0\0\0\0\0\0\0\0\0\0\0\0\0\0\0\0\0\0\0\3\0\0\0\0\0\0\0\0\0\0\0\0\0\0\0\0\0\0\0\0\0\0\0\3\0\0\0\0\0\0\0\3\0\0\0\0\0\0\0\3\0\0\0\0\0\0\0\0\0\0\0\0\0\0\0\3\0\0\0\0\0\0\0\0\0\0\0\0\0\0\0\0\0\0\0\0\0\0\0\0\0\0\0\0\0\0\0\0\0\0\0\0\0\0\0\3\0\0\0\0\0\0\0\3\0\0\0\0\0\0\0\0\0\0\0\0\0\0\0\3\0\0\0\0\0\0\0\3\0\0\0\0\0\0\0\3\0\0\0\0\0\0\0\3\0\0\0\0\0\0\0\3\0\0\0\0\0\0\0\3\0\0\0\0\0\0\0\0\0\0\1\f\0\0\0C\335m\17E\327\301W\v\375\260\33\0\0\241\1\200\2\0\0\3\0\0\0\0\0\0\0\0\0\0\0\0\0\0\0\3\0\0\0\0\0\0\0\3\0\0\0\0\0\0\0\3\0\0\0\0\0\0\0\3\0\0\0\0\0\0\0\3\0\0\0\0\0\0\0\3\0\0\0\0\0\0\0\3\0\0\0\0\0\0\0\3\0\0\0\0\0\0\0\0\0\0\0\0\0\0\0\3\0\0\0\0\0\0\0\3\0\0\0\0\0\0\0\3\0\0\0\0\0\0\0\0\0\0\0\0\0\0\0\3\0\0\0\0\0\0\0\0\0\0\0\0\0\0\0\0\0\0\0\0\0\0\0\3\0\0\0\0\0\0\0\3\0\0\0\0\0\0\0\3\0\0\0\0\0\0\0\0\0\0\0\0\0\0\0\3\0\0\0\0\0\0\0\0\0\0\0\0\0\0\0\0\0\0\0\0\0\0\0\0\0\0\0\0\0\0\0\0\0\0\0\0\0\0\0\0\0\0\0\0\0\0\0\0\0\0\0\0\0\0\0\0\0\0\0\0\0\0\0\0\0\0\0\0\0\0\0\0\0\0\0\0\0\0\0\0\0\0\0\0\0\0\0\0\0\0\0\0\0\0\0\0\0\0\0\0\0\0\0\0\0\0\0\0\0\0\0\0\0\0\0\0\0\0\0\0\0\0\0\0\0\0\0\0\0\0\0\0\0\0\0\0\0\0\0\0\0\0\0\0\0\0\0\0\0\0\0\0\0\0\0\0\0\0\0\0\0\0\0\0\0\0\0\0\0\0\0\0\0\0\0\0\0\0\0\0\0\0\0\0\0\0\0\0\0\0\0\0\0\0\0\0\0\0\0\0\0\0\0\0\0\0\0\0\0\0\0\0\0\0\0\0\0\0\0\0\0\0\0\0\0\0\0\0\0\0\0\0\0\0\0\0\0\0\0\0\0\0\0\0\0\0\0\0\0\0\0\0\0\0\0\0\0\0\0\0\0\0\0\0\0\0\0\0\0\0\0\0\0\0\0\0\0\0\0\0\0\0\0\0\0\0\0\0\0\0\0\0\0\0\0\0\0\0\0\0\0\0\0\0\0\0\0\0\0\0\0\0\0\0\0\0\0\0\0\0\0\0\0\0\0\0\0\0\0\0\0\0\0\0\0\0\0\0\0\0\0\0\0\0\0\0\0\0\0\0\0\0\0\0\0\0\0\0\0\0\0\0\0\0\0\0\0\0\0\0\0\0\0\0\0\0\0\0\0\0\0\0\0\0\0\0\0\0\0\0\0\0\0\0\0\0\0\0\0\0\0\0\0\0\0\0\0\0\0\0\0\0\0\0\0\3\0\0\0\0\0\0\0\4\0\0\0\0\0\0\0\2\0\0\0\0\0\0\0\2\0\0\0\0\0\0\0\2\0\0\0\0\0\0\0\2\0\0\0\0\0\0\0\0\0\0\1\f\0\0\0\312e)WH?+\1\26p\355S\0\0\241\1@\0\0\0\30\0\0\0\0\0\0\0\0\0\0\0\0\0\0\0\3\0\0\0\0\0\0\0\3\0\0\0\0\0\0\0\3\0\0\0\0\0\0\0\25\0\0\0\0\0\0\0\3\0\0\0\0\0\0\0\3\0\0\0\0\0\0\0\0\0\0\1\f\0\0\0(Z\336Ben>\v#/}\375\0\0\241\1`\0\0\0\2\0\0\0\0\0\0\0\0\0\0\0\0\0\0\0\2\0\0\0\0\0\0\0\2\0\0\0\0\0\0\0\2\0\0\0\0\0\0\0\2\0\0\0\0\0\0\0\2\0\0\0\0\0\0\0\2\0\0\0\0\0\0\0\2\0\0\0\0\0\0\0\2\0\0\0\0\0\0\0\2\0\0\0\0\0\0\0\2\0\0\0\0\0\0\0\0\0\0\1\f\0\0\0\2061\345Z\203%Ml\271z\267M\0\0\241\1\200\377\377\377\0\0\0\1\f\0\0\0\255\236/i\242\222~0\222\3321\5\0\0\241\1\250\377\377\377\0\0\0\1\f\0\0\0001\25\323z\256l\221\321\355\336\6\206\0\0\241\1h\377\377\377\0\0\0\1\f\0\0\0\344L\16$cXA\357\17\242\7\262\0\0\241\1\260\377\377\377\0\0\0\1\f\0\0\0=\325\371!\3702\301\226\n\265\n\353\0\0\241\1\370\376\377\377\0\0\0\0", 2660) = 2660
close(3)                                = 0
getpid()                                = 71838
openat(AT_FDCWD, "/home/louise/BCIT/comp4985-internetworking/project-client/build/CMakeFiles/main.dir/src/payload.c.gcda", O_RDWR|O_CREAT, 0666) = 3
fcntl(3, F_SETLKW, {l_type=F_WRLCK, l_whence=SEEK_SET, l_start=0, l_len=0}) = 0
fcntl(3, F_GETFL)                       = 0x8002 (flags O_RDWR|O_LARGEFILE)
fstat(3, {st_mode=S_IFREG|0664, st_size=560, ...}) = 0
read(3, "adcg*33B\327\347\30\221o\30\370\316\0\0\0\241\10\0\0\0\4\0\0\0\340\4\0\0\0\0\0\1\f\0\0\0s\200\264t.*\313J\237\332\16.\0\0\241\1\220\0\0\0\2\0\0\0\0\0\0\0\0\0\0\0\0\0\0\0\2\0\0\0\0\0\0\0\2\0\0\0\0\0\0\0\2\0\0\0\0\0\0\0\2\0\0\0\0\0\0\0\2\0\0\0\0\0\0\0\2\0\0\0\0\0\0\0\2\0\0\0\0\0\0\0\2\0\0\0\0\0\0\0\2\0\0\0\0\0\0\0\2\0\0\0\0\0\0\0\2\0\0\0\0\0\0\0\2\0\0\0\0\0\0\0\2\0\0\0\0\0\0\0\2\0\0\0\0\0\0\0\2\0\0\0\0\0\0\0\2\0\0\0\0\0\0\0\0\0\0\1\f\0\0\0002\2U\26\27\361\240p\303\357J\250\0\0\241\1\210\0\0\0\2\0\0\0\0\0\0\0\0\0\0\0\0\0\0\0\2\0\0\0\0\0\0\0\2\0\0\0\0\0\0\0\2\0\0\0\0\0\0\0\0\0\0\0\0\0\0\0\2\0\0\0\0\0\0\0\2\0\0\0\0\0\0\0\2\0\0\0\0\0\0\0\2\0\0\0\0\0\0\0\0\0\0\0\0\0\0\0\2\0\0\0\0\0\0\0\2\0\0\0\0\0\0\0\2\0\0\0\0\0\0\0\2\0\0\0\0\0\0\0\2\0\0\0\0\0\0\0\2\0\0\0\0\0\0\0\0\0\0\1\f\0\0\0c\327l_I\0\227#\262\265F\311\0\0\241\1\240\0\0\0\4\0\0\0\0\0\0\0\0\0\0\0\0\0\0\0\2\0\0\0\0\0\0\0\2\0\0\0\0\0\0\0\0\0\0\0\0\0\0\0\4\0\0\0\0\0\0\0\0\0\0\0\0\0\0\0\4\0\0\0\0\0\0\0\0\0\0\0\0\0\0\0\4\0\0\0\0\0\0\0\0\0\0\0\0\0\0\0\4\0\0\0\0\0\0\0\0\0\0\0\0\0\0\0\0\0\0\0\0\0\0\0\4\0\0\0\0\0\0\0\4\0\0\0\0\0\0\0\4\0\0\0\0\0\0\0\2\0\0\0\0\0\0\0\2\0\0\0\0\0\0\0\2\0\0\0\0\0\0\0\0\0\0\0", 4096) = 560
lseek(3, 0, SEEK_SET)                   = 0
write(3, "adcg*33B\327\347\30\221o\30\370\316\0\0\0\241\10\0\0\0\5\0\0\0\372\4\0\0\0\0\0\1\f\0\0\0s\200\264t.*\313J\237\332\16.\0\0\241\1\220\0\0\0\3\0\0\0\0\0\0\0\0\0\0\0\0\0\0\0\3\0\0\0\0\0\0\0\3\0\0\0\0\0\0\0\3\0\0\0\0\0\0\0\3\0\0\0\0\0\0\0\3\0\0\0\0\0\0\0\3\0\0\0\0\0\0\0\3\0\0\0\0\0\0\0\3\0\0\0\0\0\0\0\3\0\0\0\0\0\0\0\3\0\0\0\0\0\0\0\3\0\0\0\0\0\0\0\3\0\0\0\0\0\0\0\3\0\0\0\0\0\0\0\3\0\0\0\0\0\0\0\3\0\0\0\0\0\0\0\3\0\0\0\0\0\0\0\0\0\0\1\f\0\0\0002\2U\26\27\361\240p\303\357J\250\0\0\241\1\210\0\0\0\3\0\0\0\0\0\0\0\0\0\0\0\0\0\0\0\3\0\0\0\0\0\0\0\3\0\0\0\0\0\0\0\3\0\0\0\0\0\0\0\0\0\0\0\0\0\0\0\3\0\0\0\0\0\0\0\3\0\0\0\0\0\0\0\3\0\0\0\0\0\0\0\3\0\0\0\0\0\0\0\0\0\0\0\0\0\0\0\3\0\0\0\0\0\0\0\3\0\0\0\0\0\0\0\3\0\0\0\0\0\0\0\3\0\0\0\0\0\0\0\3\0\0\0\0\0\0\0\3\0\0\0\0\0\0\0\0\0\0\1\f\0\0\0c\327l_I\0\227#\262\265F\311\0\0\241\1\240\0\0\0\6\0\0\0\0\0\0\0\0\0\0\0\0\0\0\0\3\0\0\0\0\0\0\0\3\0\0\0\0\0\0\0\0\0\0\0\0\0\0\0\6\0\0\0\0\0\0\0\0\0\0\0\0\0\0\0\6\0\0\0\0\0\0\0\0\0\0\0\0\0\0\0\6\0\0\0\0\0\0\0\0\0\0\0\0\0\0\0\6\0\0\0\0\0\0\0\0\0\0\0\0\0\0\0\0\0\0\0\0\0\0\0\6\0\0\0\0\0\0\0\6\0\0\0\0\0\0\0\6\0\0\0\0\0\0\0\3\0\0\0\0\0\0\0\3\0\0\0\0\0\0\0\3\0\0\0\0\0\0\0\0\0\0\0", 560) = 560
close(3)                                = 0
getpid()                                = 71838
openat(AT_FDCWD, "/home/louise/BCIT/comp4985-internetworking/project-client/build/CMakeFiles/main.dir/src/main.c.gcda", O_RDWR|O_CREAT, 0666) = 3
fcntl(3, F_SETLKW, {l_type=F_WRLCK, l_whence=SEEK_SET, l_start=0, l_len=0}) = 0
fcntl(3, F_GETFL)                       = 0x8002 (flags O_RDWR|O_LARGEFILE)
fstat(3, {st_mode=S_IFREG|0664, st_size=1140, ...}) = 0
read(3, "adcg*33B-\345\30\221C\6h\246\0\0\0\241\10\0\0\0\4\0\0\0\340\4\0\0\0\0\0\1\f\0\0\0\353rp\6pj;\2779d\375\261\0\0\241\1\0\1\0\0\4\0\0\0\0\0\0\0\0\0\0\0\0\0\0\0\4\0\0\0\0\0\0\0\4\0\0\0\0\0\0\0\4\0\0\0\0\0\0\0\4\0\0\0\0\0\0\0\4\0\0\0\0\0\0\0\4\0\0\0\0\0\0\0\0\0\0\0\0\0\0\0\4\0\0\0\0\0\0\0\0\0\0\0\0\0\0\0\4\0\0\0\0\0\0\0\0\0\0\0\0\0\0\0\4\0\0\0\0\0\0\0\2\0\0\0\0\0\0\0\2\0\0\0\0\0\0\0\0\0\0\0\0\0\0\0\0\0\0\0\0\0\0\0\2\0\0\0\0\0\0\0\0\0\0\0\0\0\0\0\0\0\0\0\0\0\0\0\0\0\0\0\0\0\0\0\4\0\0\0\0\0\0\0\4\0\0\0\0\0\0\0\4\0\0\0\0\0\0\0\4\0\0\0\0\0\0\0\4\0\0\0\0\0\0\0\4\0\0\0\0\0\0\0\4\0\0\0\0\0\0\0\4\0\0\0\0\0\0\0\4\0\0\0\0\0\0\0\4\0\0\0\0\0\0\0\0\0\0\1\f\0\0\0\224]\5B\3q\254\344v[\245\273\0\0\241\1(\1\0\0\2\0\0\0\0\0\0\0\0\0\0\0\0\0\0\0\2\0\0\0\0\0\0\0\2\0\0\0\0\0\0\0\2\0\0\0\0\0\0\0\2\0\0\0\0\0\0\0\2\0\0\0\0\0\0\0\2\0\0\0\0\0\0\0\2\0\0\0\0\0\0\0\0\0\0\0\0\0\0\0\0\0\0\0\0\0\0\0\0\0\0\0\0\0\0\0\0\0\0\0\0\0\0\0\2\0\0\0\0\0\0\0\2\0\0\0\0\0\0\0\2\0\0\0\0\0\0\0\0\0\0\0\0\0\0\0\2\0\0\0\0\0\0\0\0\0\0\0\0\0\0\0\2\0\0\0\0\0\0\0\2\0\0\0\0\0\0\0\2\0\0\0\0\0\0\0\2\0\0\0\0\0\0\0\0\0\0\0\0\0\0\0\2\0\0\0\0\0\0\0\0\0\0\0\0\0\0\0\0\0\0\0\0\0\0\0\2\0\0\0\0\0\0\0\2\0\0\0\0\0\0\0\2\0\0\0\0\0\0\0\2\0\0\0\0\0\0\0\2\0\0\0\0\0\0\0\2\0\0\0\0\0\0\0\2\0\0\0\0\0\0\0\2\0\0\0\0\0\0\0\2\0\0\0\0\0\0\0\2\0\0\0\0\0\0\0\0\0\0\1\f\0\0\0\247`\260a\30fb\\\274\34c\233\0\0\241\1x\0\0\0\2\0\0\0\0\0\0\0\0\0\0\0\0\0\0\0\2\0\0\0\0\0\0\0\2\0\0\0\0\0\0\0\2\0\0\0\0\0\0\0\2\0\0\0\0\0\0\0\0\0\0\0\0\0\0\0\0\0\0\0\0\0\0\0\2\0\0\0\0\0\0\0\2\0\0\0\0\0\0\0\2\0\0\0\0\0\0\0\2\0\0\0\0\0\0\0\2\0\0\0\0\0\0\0\2\0\0\0\0\0\0\0\2\0\0\0\0\0\0\0\0\0\0\1\f\0\0\0\374\216}6\r.\350\357\235K\215n\0\0\241\1\210\377\377\377\0\0\0\1\f\0\0\0\t4\177 \220\31\21\274F\316Di\0\0\241\1\240\0\0\0\2\0\0\0\0\0\0\0\0\0\0\0\0\0\0\0\2\0\0\0\0\0\0\0\2\0\0\0\0\0\0\0\0\0\0\0\0\0\0\0\2\0\0\0\0\0\0\0\0\0\0\0\0\0\0\0\0\0\0\0\0\0\0\0\0\0\0\0\0\0\0\0\0\0\0\0\0\0\0\0\2\0\0\0\0\0\0\0\2\0\0\0\0\0\0\0\0\0\0\0\0\0\0\0\2\0\0\0\0\0\0\0\2\0\0\0\0\0\0\0\2\0\0\0\0\0\0\0\0\0\0\0\0\0\0\0\2\0\0\0\0\0\0\0\2\0\0\0\0\0\0\0\2\0\0\0\0\0\0\0\0\0\0\1\f\0\0\0FZ\24TV_\252\322\334\257\306\225\0\0\241\1h\0\0\0\2\0\0\0\0\0\0\0\0\0\0\0\0\0\0\0\2\0\0\0\0\0\0\0\2\0\0\0\0\0\0\0\2\0\0\0\0\0\0\0\0\0\0\0\0\0\0\0\2\0\0\0\0\0\0\0\0\0\0\0\0\0\0\0\0\0\0\0\0\0\0\0\0\0\0\0\0\0\0\0\2\0\0\0\0\0\0\0\2\0\0\0\0\0\0\0\2\0\0\0\0\0\0\0\0\0\0\0", 4096) = 1140
lseek(3, 0, SEEK_SET)                   = 0
write(3, "adcg*33B-\345\30\221C\6h\246\0\0\0\241\10\0\0\0\5\0\0\0\372\4\0\0\0\0\0\1\f\0\0\0\353rp\6pj;\2779d\375\261\0\0\241\1\0\1\0\0\5\0\0\0\0\0\0\0\0\0\0\0\0\0\0\0\5\0\0\0\0\0\0\0\5\0\0\0\0\0\0\0\5\0\0\0\0\0\0\0\5\0\0\0\0\0\0\0\5\0\0\0\0\0\0\0\5\0\0\0\0\0\0\0\0\0\0\0\0\0\0\0\5\0\0\0\0\0\0\0\0\0\0\0\0\0\0\0\5\0\0\0\0\0\0\0\0\0\0\0\0\0\0\0\5\0\0\0\0\0\0\0\2\0\0\0\0\0\0\0\3\0\0\0\0\0\0\0\0\0\0\0\0\0\0\0\0\0\0\0\0\0\0\0\3\0\0\0\0\0\0\0\0\0\0\0\0\0\0\0\0\0\0\0\0\0\0\0\0\0\0\0\0\0\0\0\5\0\0\0\0\0\0\0\5\0\0\0\0\0\0\0\5\0\0\0\0\0\0\0\5\0\0\0\0\0\0\0\5\0\0\0\0\0\0\0\5\0\0\0\0\0\0\0\5\0\0\0\0\0\0\0\5\0\0\0\0\0\0\0\5\0\0\0\0\0\0\0\5\0\0\0\0\0\0\0\0\0\0\1\f\0\0\0\224]\5B\3q\254\344v[\245\273\0\0\241\1(\1\0\0\3\0\0\0\0\0\0\0\0\0\0\0\0\0\0\0\3\0\0\0\0\0\0\0\3\0\0\0\0\0\0\0\3\0\0\0\0\0\0\0\3\0\0\0\0\0\0\0\3\0\0\0\0\0\0\0\3\0\0\0\0\0\0\0\3\0\0\0\0\0\0\0\0\0\0\0\0\0\0\0\0\0\0\0\0\0\0\0\0\0\0\0\0\0\0\0\0\0\0\0\0\0\0\0\3\0\0\0\0\0\0\0\3\0\0\0\0\0\0\0\3\0\0\0\0\0\0\0\0\0\0\0\0\0\0\0\3\0\0\0\0\0\0\0\0\0\0\0\0\0\0\0\3\0\0\0\0\0\0\0\3\0\0\0\0\0\0\0\3\0\0\0\0\0\0\0\3\0\0\0\0\0\0\0\0\0\0\0\0\0\0\0\3\0\0\0\0\0\0\0\0\0\0\0\0\0\0\0\0\0\0\0\0\0\0\0\3\0\0\0\0\0\0\0\3\0\0\0\0\0\0\0\3\0\0\0\0\0\0\0\3\0\0\0\0\0\0\0\3\0\0\0\0\0\0\0\3\0\0\0\0\0\0\0\3\0\0\0\0\0\0\0\3\0\0\0\0\0\0\0\3\0\0\0\0\0\0\0\3\0\0\0\0\0\0\0\0\0\0\1\f\0\0\0\247`\260a\30fb\\\274\34c\233\0\0\241\1x\0\0\0\3\0\0\0\0\0\0\0\0\0\0\0\0\0\0\0\3\0\0\0\0\0\0\0\3\0\0\0\0\0\0\0\3\0\0\0\0\0\0\0\3\0\0\0\0\0\0\0\0\0\0\0\0\0\0\0\0\0\0\0\0\0\0\0\3\0\0\0\0\0\0\0\3\0\0\0\0\0\0\0\3\0\0\0\0\0\0\0\3\0\0\0\0\0\0\0\3\0\0\0\0\0\0\0\3\0\0\0\0\0\0\0\3\0\0\0\0\0\0\0\0\0\0\1\f\0\0\0\374\216}6\r.\350\357\235K\215n\0\0\241\1\210\377\377\377\0\0\0\1\f\0\0\0\t4\177 \220\31\21\274F\316Di\0\0\241\1\240\0\0\0\3\0\0\0\0\0\0\0\0\0\0\0\0\0\0\0\3\0\0\0\0\0\0\0\3\0\0\0\0\0\0\0\0\0\0\0\0\0\0\0\3\0\0\0\0\0\0\0\0\0\0\0\0\0\0\0\0\0\0\0\0\0\0\0\0\0\0\0\0\0\0\0\0\0\0\0\0\0\0\0\3\0\0\0\0\0\0\0\3\0\0\0\0\0\0\0\0\0\0\0\0\0\0\0\3\0\0\0\0\0\0\0\3\0\0\0\0\0\0\0\3\0\0\0\0\0\0\0\0\0\0\0\0\0\0\0\3\0\0\0\0\0\0\0\3\0\0\0\0\0\0\0\3\0\0\0\0\0\0\0\0\0\0\1\f\0\0\0FZ\24TV_\252\322\334\257\306\225\0\0\241\1h\0\0\0\3\0\0\0\0\0\0\0\0\0\0\0\0\0\0\0\3\0\0\0\0\0\0\0\3\0\0\0\0\0\0\0\3\0\0\0\0\0\0\0\0\0\0\0\0\0\0\0\3\0\0\0\0\0\0\0\0\0\0\0\0\0\0\0\0\0\0\0\0\0\0\0\0\0\0\0\0\0\0\0\3\0\0\0\0\0\0\0\3\0\0\0\0\0\0\0\3\0\0\0\0\0\0\0\0\0\0\0", 1140) = 1140
close(3)                                = 0
getpid()                                = 71838
openat(AT_FDCWD, "/home/louise/BCIT/comp4985-internetworking/project-client/build/CMakeFiles/main.dir/src/signals.c.gcda", O_RDWR|O_CREAT, 0666) = 3
fcntl(3, F_SETLKW, {l_type=F_WRLCK, l_whence=SEEK_SET, l_start=0, l_len=0}) = 0
fcntl(3, F_GETFL)                       = 0x8002 (flags O_RDWR|O_LARGEFILE)
fstat(3, {st_mode=S_IFREG|0664, st_size=268, ...}) = 0
mmap(0x521000010000, 65536, PROT_READ|PROT_WRITE, MAP_PRIVATE|MAP_FIXED|MAP_ANONYMOUS, -1, 0) = 0x521000010000
read(3, "adcg*33B\203\344\30\221\201\264R\245\0\0\0\241\10\0\0\0\4\0\0\0\340\4\0\0\0\0\0\1\f\0\0\0\230w\2330\370\336d\205op\212\333\0\0\241\1H\0\0\0\4\0\0\0\0\0\0\0\0\0\0\0\0\0\0\0\4\0\0\0\0\0\0\0\4\0\0\0\0\0\0\0\4\0\0\0\0\0\0\0\0\0\0\0\0\0\0\0\4\0\0\0\0\0\0\0\4\0\0\0\0\0\0\0\4\0\0\0\0\0\0\0\0\0\0\1\f\0\0\0\346\205se(\366\317\211\340\256d\16\0\0\241\1h\0\0\0\4\0\0\0\0\0\0\0\0\0\0\0\0\0\0\0\4\0\0\0\0\0\0\0\4\0\0\0\0\0\0\0\4\0\0\0\0\0\0\0\4\0\0\0\0\0\0\0\0\0\0\0\0\0\0\0\0\0\0\0\0\0\0\0\0\0\0\0\0\0\0\0\0\0\0\0\0\0\0\0\4\0\0\0\0\0\0\0\4\0\0\0\0\0\0\0\4\0\0\0\0\0\0\0\0\0\0\0", 4096) = 268
lseek(3, 0, SEEK_SET)                   = 0
write(3, "adcg*33B\203\344\30\221\201\264R\245\0\0\0\241\10\0\0\0\5\0\0\0\372\4\0\0\0\0\0\1\f\0\0\0\230w\2330\370\336d\205op\212\333\0\0\241\1H\0\0\0\5\0\0\0\0\0\0\0\0\0\0\0\0\0\0\0\5\0\0\0\0\0\0\0\5\0\0\0\0\0\0\0\5\0\0\0\0\0\0\0\0\0\0\0\0\0\0\0\5\0\0\0\0\0\0\0\5\0\0\0\0\0\0\0\5\0\0\0\0\0\0\0\0\0\0\1\f\0\0\0\346\205se(\366\317\211\340\256d\16\0\0\241\1h\0\0\0\5\0\0\0\0\0\0\0\0\0\0\0\0\0\0\0\5\0\0\0\0\0\0\0\5\0\0\0\0\0\0\0\5\0\0\0\0\0\0\0\5\0\0\0\0\0\0\0\0\0\0\0\0\0\0\0\0\0\0\0\0\0\0\0\0\0\0\0\0\0\0\0\0\0\0\0\0\0\0\0\5\0\0\0\0\0\0\0\5\0\0\0\0\0\0\0\5\0\0\0\0\0\0\0\0\0\0\0", 268) = 268
close(3)                                = 0
gettid()                                = 71838
gettid()                                = 71838
prctl(PR_GET_DUMPABLE)                  = 1 (SUID_DUMP_USER)
getpid()                                = 71838
mmap(NULL, 2101248, PROT_READ|PROT_WRITE, MAP_PRIVATE|MAP_ANONYMOUS, -1, 0) = 0x7b5d1f800000
mprotect(0x7b5d1f800000, 4096, PROT_NONE) = 0
rt_sigprocmask(SIG_BLOCK, ~[ILL ABRT BUS FPE SEGV XCPU XFSZ], [], 8) = 0
clone(child_stack=0x7b5d1fa00ff0, flags=CLONE_VM|CLONE_FS|CLONE_FILES|CLONE_UNTRACED) = 71847
rt_sigprocmask(SIG_SETMASK, [], NULL, 8) = 0
getpid()                                = 71838
prctl(PR_SET_PTRACER, 71847)            = 0
futex(0x7ffc1bdab9a8, FUTEX_WAKE_PRIVATE, 1) = 1
sched_yield()                           = 0
sched_yield()                           = 0
sched_yield()                           = 0
sched_yield()                           = 0
sched_yield()                           = 0
sched_yield()                           = 0
wait4(71847, NULL, __WALL, NULL)        = 71847
munmap(0x7b5d1f800000, 2101248)         = 0
getpid()                                = 71838
write(2, "==71838==LeakSanitizer has encountered a fatal error.\n", 54) = 54
mmap(NULL, 65536, PROT_READ|PROT_WRITE, MAP_PRIVATE|MAP_ANONYMOUS, -1, 0) = 0x7b5d23c50000
getpid()                                = 71838
write(2, "==71838==HINT: For debugging, try setting environment variable LSAN_OPTIONS=verbosity=1:log_threads=1\n", 102) = 102
getpid()                                = 71838
write(2, "==71838==HINT: LeakSanitizer does not work under ptrace (strace, gdb, etc)\n", 75) = 75
exit_group(1)                           = ?
+++ exited with 1 +++

